path,directory,tag,timestamp,top1,top3,n_samples,class_set,lineage,split,comparable_phase2,reason
logs/phase1/eval_baseline_2026-05-09_01-56.json,phase1,baseline_v0,2026-05-09_01-56,0.127273,0.409091,110,phase1_10class,phase1,unknown,False,per-class labels match Phase 1 classes
logs/phase1/eval_iter1_2026-05-09_01-57.json,phase1,iteration_1,,0.154545,0.400000,110,phase1_10class,phase1,unknown,False,per-class labels match Phase 1 classes
logs/phase1/eval_iter2_2026-05-09_01-58.json,phase1,iteration_2,,0.181818,0.327273,110,phase1_10class,phase1,unknown,False,per-class labels match Phase 1 classes
logs/phase1/eval_iter3_2026-05-09_01-59.json,phase1,iteration_3,,0.090909,0.245455,110,phase1_10class,phase1,unknown,False,per-class labels match Phase 1 classes
logs/phase1/eval_iter4_2026-05-09_02-04.json,phase1,iteration_4,,0.245455,0.445455,110,phase1_10class,phase1,unknown,False,per-class labels match Phase 1 classes
logs/phase1/eval_iter5_2026-05-09_02-05.json,phase1,iteration_5,,0.181818,0.436364,110,phase1_10class,phase1,unknown,False,per-class labels match Phase 1 classes
logs/phase1/eval_iter6_2026-05-09_02-05.json,phase1,iteration_6,,0.245455,0.427273,110,phase1_10class,phase1,unknown,False,per-class labels match Phase 1 classes
logs/phase1/eval_phase1_2026-05-09_02-13.json,phase1,phase1,2026-05-09_02-13,0.272727,0.390909,110,phase1_10class,phase1,unknown,False,per-class labels match Phase 1 classes
logs/phase1/eval_phase1_2026-05-09_02-14.json,phase1,phase1,2026-05-09_02-14,0.227273,0.363636,110,phase1_10class,phase1,unknown,False,per-class labels match Phase 1 classes
logs/phase1/eval_phase1_2026-05-09_02-15.json,phase1,phase1,2026-05-09_02-15,0.181818,0.345455,110,phase1_10class,phase1,unknown,False,per-class labels match Phase 1 classes
logs/phase1/eval_phase1_2026-05-09_02-17.json,phase1,phase1,2026-05-09_02-17,0.254545,0.400000,110,phase1_10class,phase1,unknown,False,per-class labels match Phase 1 classes
logs/phase1/eval_phase1_2026-05-09_02-18.json,phase1,phase1,2026-05-09_02-18,0.172727,0.300000,110,phase1_10class,phase1,unknown,False,per-class labels match Phase 1 classes
logs/phase1/eval_phase1_2026-05-09_02-19.json,phase1,phase1,2026-05-09_02-19,0.190909,0.354545,110,phase1_10class,phase1,unknown,False,per-class labels match Phase 1 classes
logs/phase1/eval_phase1_2026-05-09_02-20.json,phase1,phase1,2026-05-09_02-20,0.190909,0.381818,110,phase1_10class,phase1,unknown,False,per-class labels match Phase 1 classes
logs/phase1/eval_phase1_2026-05-09_02-22.json,phase1,phase1,2026-05-09_02-22,0.200000,0.363636,110,phase1_10class,phase1,unknown,False,per-class labels match Phase 1 classes
logs/phase1/eval_phase1_2026-05-09_02-25.json,phase1,phase1,2026-05-09_02-25,0.172727,0.427273,110,phase1_10class,phase1,unknown,False,per-class labels match Phase 1 classes
logs/phase1/eval_phase1_2026-05-09_02-26-36.json,phase1,phase1,2026-05-09_02-26-36,0.218182,0.390909,110,phase1_10class,phase1,unknown,False,per-class labels match Phase 1 classes
logs/phase1/eval_phase1_2026-05-09_02-27-23.json,phase1,phase1,2026-05-09_02-27-23,0.218182,0.381818,110,phase1_10class,phase1,unknown,False,per-class labels match Phase 1 classes
logs/phase1/eval_phase1_2026-05-09_02-28-04.json,phase1,phase1,2026-05-09_02-28-04,0.281818,0.409091,110,phase1_10class,phase1,unknown,False,per-class labels match Phase 1 classes
logs/phase1/eval_phase1_2026-05-09_02-31-05.json,phase1,phase1,2026-05-09_02-31-05,0.300000,0.545455,110,phase1_10class,phase1,unknown,False,per-class labels match Phase 1 classes
logs/phase1/eval_phase1_2026-05-09_02-32-27.json,phase1,phase1,2026-05-09_02-32-27,0.263636,0.518182,110,phase1_10class,phase1,unknown,False,per-class labels match Phase 1 classes
logs/phase1/eval_phase1_2026-05-09_02-32-54.json,phase1,phase1,2026-05-09_02-32-54,0.300000,0.545455,110,phase1_10class,phase1,unknown,False,per-class labels match Phase 1 classes
logs/phase1/eval_phase1_2026-05-09_02-33-48.json,phase1,phase1,2026-05-09_02-33-48,0.290909,0.545455,110,phase1_10class,phase1,unknown,False,per-class labels match Phase 1 classes
logs/phase1/eval_phase1_2026-05-09_02-34-41.json,phase1,phase1,2026-05-09_02-34-41,0.254545,0.472727,110,phase1_10class,phase1,unknown,False,per-class labels match Phase 1 classes
logs/phase1/eval_phase1_2026-05-09_02-35-06.json,phase1,phase1,2026-05-09_02-35-06,0.254545,0.472727,110,phase1_10class,phase1,unknown,False,per-class labels match Phase 1 classes
logs/phase1/eval_phase1_2026-05-09_02-35-38.json,phase1,phase1,2026-05-09_02-35-38,0.309091,0.545455,110,phase1_10class,phase1,unknown,False,per-class labels match Phase 1 classes
logs/phase1/eval_phase1_2026-05-09_02-43-11.json,phase1,phase1,2026-05-09_02-43-11,0.336364,0.581818,110,phase1_10class,phase1,unknown,False,per-class labels match Phase 1 classes
logs/phase1/eval_phase1_2026-05-09_02-43-39.json,phase1,phase1,2026-05-09_02-43-39,0.345455,0.590909,110,phase1_10class,phase1,unknown,False,per-class labels match Phase 1 classes
logs/phase1/eval_phase1_2026-05-09_02-45-16.json,phase1,phase1,2026-05-09_02-45-16,0.273913,0.565217,230,phase1_10class,phase1,unknown,False,per-class labels match Phase 1 classes
logs/phase1/eval_phase1_2026-05-09_02-47-53.json,phase1,phase1,2026-05-09_02-47-53,0.256522,0.565217,230,phase1_10class,phase1,unknown,False,per-class labels match Phase 1 classes
logs/phase1/eval_phase1_2026-05-09_02-48-55.json,phase1,phase1,2026-05-09_02-48-55,0.256522,0.569565,230,phase1_10class,phase1,unknown,False,per-class labels match Phase 1 classes
logs/phase1/eval_phase1_2026-05-09_02-51-46.json,phase1,phase1,2026-05-09_02-51-46,0.321739,0.686957,230,phase1_10class,phase1,unknown,False,per-class labels match Phase 1 classes
logs/phase1/eval_phase1_2026-05-09_02-53-22.json,phase1,phase1,2026-05-09_02-53-22,0.260870,0.634783,230,phase1_10class,phase1,unknown,False,per-class labels match Phase 1 classes
logs/phase1/eval_phase1_2026-05-09_02-55-12.json,phase1,phase1,2026-05-09_02-55-12,0.343478,0.686957,230,phase1_10class,phase1,unknown,False,per-class labels match Phase 1 classes
logs/phase1/eval_phase1_2026-05-09_02-55-35.json,phase1,phase1,2026-05-09_02-55-35,0.360870,0.704348,230,phase1_10class,phase1,unknown,False,per-class labels match Phase 1 classes
logs/phase1/eval_phase1_2026-05-09_02-56-42.json,phase1,phase1,2026-05-09_02-56-42,0.365217,0.708696,230,phase1_10class,phase1,unknown,False,per-class labels match Phase 1 classes
logs/phase1/eval_phase1_2026-05-09_02-57-14.json,phase1,phase1,2026-05-09_02-57-14,0.352174,0.708696,230,phase1_10class,phase1,unknown,False,per-class labels match Phase 1 classes
logs/phase1/eval_phase1_2026-05-09_02-59-00.json,phase1,phase1,2026-05-09_02-59-00,0.365217,0.708696,230,phase1_10class,phase1,unknown,False,per-class labels match Phase 1 classes
logs/phase1/eval_phase1_2026-05-09_02-59-47.json,phase1,phase1,2026-05-09_02-59-47,0.373913,0.730435,230,phase1_10class,phase1,unknown,False,per-class labels match Phase 1 classes
logs/phase1/eval_phase1_2026-05-09_03-01-45.json,phase1,phase1,2026-05-09_03-01-45,0.386957,0.739130,230,phase1_10class,phase1,unknown,False,per-class labels match Phase 1 classes
logs/phase1/eval_phase1_2026-05-09_03-02-33.json,phase1,phase1,2026-05-09_03-02-33,0.386957,0.739130,230,phase1_10class,phase1,unknown,False,per-class labels match Phase 1 classes
logs/phase1/eval_phase1_2026-05-09_03-03-20.json,phase1,phase1,2026-05-09_03-03-20,0.373913,0.726087,230,phase1_10class,phase1,unknown,False,per-class labels match Phase 1 classes
logs/phase1/eval_phase1_2026-05-09_03-03-45.json,phase1,phase1,2026-05-09_03-03-45,0.395652,0.739130,230,phase1_10class,phase1,unknown,False,per-class labels match Phase 1 classes
logs/phase1/eval_phase1_2026-05-09_03-04-50.json,phase1,phase1,2026-05-09_03-04-50,0.395652,0.739130,230,phase1_10class,phase1,unknown,False,per-class labels match Phase 1 classes
logs/phase1/eval_phase1_2026-05-09_03-05-46.json,phase1,phase1,2026-05-09_03-05-46,0.382609,0.713043,230,phase1_10class,phase1,unknown,False,per-class labels match Phase 1 classes
logs/phase1/eval_phase1_2026-05-09_03-06-08.json,phase1,phase1,2026-05-09_03-06-08,0.395652,0.747826,230,phase1_10class,phase1,unknown,False,per-class labels match Phase 1 classes
logs/phase1/eval_phase1_2026-05-09_03-07-20.json,phase1,phase1,2026-05-09_03-07-20,0.400000,0.747826,230,phase1_10class,phase1,unknown,False,per-class labels match Phase 1 classes
logs/phase1/eval_phase1_2026-05-09_03-08-26.json,phase1,phase1,2026-05-09_03-08-26,0.413043,0.765217,230,phase1_10class,phase1,unknown,False,per-class labels match Phase 1 classes
logs/phase1/eval_phase1_2026-05-09_03-09-00.json,phase1,phase1,2026-05-09_03-09-00,0.404348,0.769565,230,phase1_10class,phase1,unknown,False,per-class labels match Phase 1 classes
logs/phase1/eval_phase1_2026-05-09_03-09-46.json,phase1,phase1,2026-05-09_03-09-46,0.404348,0.786957,230,phase1_10class,phase1,unknown,False,per-class labels match Phase 1 classes
logs/phase1/eval_phase1_2026-05-09_03-10-31.json,phase1,phase1,2026-05-09_03-10-31,0.373913,0.773913,230,phase1_10class,phase1,unknown,False,per-class labels match Phase 1 classes
logs/phase1/eval_phase1_2026-05-09_03-10-55.json,phase1,phase1,2026-05-09_03-10-55,0.404348,0.769565,230,phase1_10class,phase1,unknown,False,per-class labels match Phase 1 classes
logs/phase1/eval_phase1_2026-05-09_03-11-16.json,phase1,phase1,2026-05-09_03-11-16,0.404348,0.769565,230,phase1_10class,phase1,unknown,False,per-class labels match Phase 1 classes
logs/phase1/eval_phase1_2026-05-09_03-11-39.json,phase1,phase1,2026-05-09_03-11-39,0.413043,0.769565,230,phase1_10class,phase1,unknown,False,per-class labels match Phase 1 classes
logs/phase1/eval_phase1_2026-05-09_03-11-55.json,phase1,phase1,2026-05-09_03-11-55,0.413043,0.769565,230,phase1_10class,phase1,unknown,False,per-class labels match Phase 1 classes
logs/phase1/eval_phase1_2026-05-09_03-12-53.json,phase1,phase1,2026-05-09_03-12-53,0.417391,0.760870,230,phase1_10class,phase1,unknown,False,per-class labels match Phase 1 classes
logs/phase1/eval_phase1_2026-05-09_03-13-27.json,phase1,phase1,2026-05-09_03-13-27,0.400000,0.765217,230,phase1_10class,phase1,unknown,False,per-class labels match Phase 1 classes
logs/phase1/eval_phase1_2026-05-09_03-13-49.json,phase1,phase1,2026-05-09_03-13-49,0.417391,0.760870,230,phase1_10class,phase1,unknown,False,per-class labels match Phase 1 classes
logs/phase1/eval_phase1_2026-05-09_03-15-42.json,phase1,phase1,2026-05-09_03-15-42,0.417391,0.760870,230,phase1_10class,phase1,unknown,False,per-class labels match Phase 1 classes
logs/phase1/eval_phase1_2026-05-09_03-16-24.json,phase1,phase1,2026-05-09_03-16-24,0.434783,0.786957,230,phase1_10class,phase1,unknown,False,per-class labels match Phase 1 classes
logs/phase1/eval_phase1_2026-05-09_03-17-48.json,phase1,phase1,2026-05-09_03-17-48,0.430435,0.786957,230,phase1_10class,phase1,unknown,False,per-class labels match Phase 1 classes
logs/phase1/eval_phase1_2026-05-09_03-18-12.json,phase1,phase1,2026-05-09_03-18-12,0.434783,0.786957,230,phase1_10class,phase1,unknown,False,per-class labels match Phase 1 classes
logs/phase1/eval_phase1_2026-05-09_03-18-33.json,phase1,phase1,2026-05-09_03-18-33,0.430435,0.786957,230,phase1_10class,phase1,unknown,False,per-class labels match Phase 1 classes
logs/phase1/eval_phase1_2026-05-09_03-18-56.json,phase1,phase1,2026-05-09_03-18-56,0.434783,0.786957,230,phase1_10class,phase1,unknown,False,per-class labels match Phase 1 classes
logs/phase1/eval_phase1_2026-05-09_11-09-37.json,phase1,phase1,2026-05-09_11-09-37,0.434783,0.786957,230,phase1_10class,phase1,unknown,False,per-class labels match Phase 1 classes
logs/phase1/eval_phase1_2026-05-09_11-15-53.json,phase1,phase1,2026-05-09_11-15-53,0.421739,0.782609,230,phase1_10class,phase1,unknown,False,per-class labels match Phase 1 classes
logs/phase1/eval_phase1_2026-05-09_11-17-07.json,phase1,phase1,2026-05-09_11-17-07,0.430435,0.786957,230,phase1_10class,phase1,unknown,False,per-class labels match Phase 1 classes
logs/phase1/eval_phase1_2026-05-09_11-17-24.json,phase1,phase1,2026-05-09_11-17-24,0.430435,0.786957,230,phase1_10class,phase1,unknown,False,per-class labels match Phase 1 classes
logs/phase1/eval_phase1_2026-05-09_11-17-42.json,phase1,phase1,2026-05-09_11-17-42,0.430435,0.786957,230,phase1_10class,phase1,unknown,False,per-class labels match Phase 1 classes
logs/phase1/eval_phase1_2026-05-09_11-18-13.json,phase1,phase1,2026-05-09_11-18-13,0.439130,0.791304,230,phase1_10class,phase1,unknown,False,per-class labels match Phase 1 classes
logs/phase1/eval_phase1_2026-05-09_11-21-12.json,phase1,phase1,2026-05-09_11-21-12,0.456522,0.782609,230,phase1_10class,phase1,unknown,False,per-class labels match Phase 1 classes
logs/phase1/eval_phase1_2026-05-09_11-23-37.json,phase1,phase1,2026-05-09_11-23-37,0.473913,0.782609,230,phase1_10class,phase1,unknown,False,per-class labels match Phase 1 classes
logs/phase1/eval_phase1_2026-05-09_11-25-36.json,phase1,phase1,2026-05-09_11-25-36,0.452174,0.773913,230,phase1_10class,phase1,unknown,False,per-class labels match Phase 1 classes
logs/phase1/eval_phase1_2026-05-09_11-26-04.json,phase1,phase1,2026-05-09_11-26-04,0.473913,0.782609,230,phase1_10class,phase1,unknown,False,per-class labels match Phase 1 classes
logs/phase1/eval_phase1_2026-05-09_11-26-50.json,phase1,phase1,2026-05-09_11-26-50,0.473913,0.782609,230,phase1_10class,phase1,unknown,False,per-class labels match Phase 1 classes
logs/phase1/eval_phase1_2026-05-09_11-27-16.json,phase1,phase1,2026-05-09_11-27-16,0.460870,0.778261,230,phase1_10class,phase1,unknown,False,per-class labels match Phase 1 classes
logs/phase1/eval_phase1_2026-05-09_11-27-57.json,phase1,phase1,2026-05-09_11-27-57,0.469565,0.769565,230,phase1_10class,phase1,unknown,False,per-class labels match Phase 1 classes
logs/phase1/eval_phase1_2026-05-09_11-28-52.json,phase1,phase1,2026-05-09_11-28-52,0.473913,0.782609,230,phase1_10class,phase1,unknown,False,per-class labels match Phase 1 classes
logs/phase1/eval_phase1_2026-05-09_11-29-31.json,phase1,phase1,2026-05-09_11-29-31,0.482609,0.782609,230,phase1_10class,phase1,unknown,False,per-class labels match Phase 1 classes
logs/phase1/eval_phase1_2026-05-09_11-30-51.json,phase1,phase1,2026-05-09_11-30-51,0.478261,0.778261,230,phase1_10class,phase1,unknown,False,per-class labels match Phase 1 classes
logs/phase1/eval_phase1_2026-05-09_11-31-16.json,phase1,phase1,2026-05-09_11-31-16,0.478261,0.778261,230,phase1_10class,phase1,unknown,False,per-class labels match Phase 1 classes
logs/phase1/eval_phase1_2026-05-09_11-31-48.json,phase1,phase1,2026-05-09_11-31-48,0.482609,0.778261,230,phase1_10class,phase1,unknown,False,per-class labels match Phase 1 classes
logs/phase1/eval_phase1_2026-05-09_11-32-50.json,phase1,phase1,2026-05-09_11-32-50,0.486957,0.778261,230,phase1_10class,phase1,unknown,False,per-class labels match Phase 1 classes
logs/phase1/eval_phase1_2026-05-09_11-33-12.json,phase1,phase1,2026-05-09_11-33-12,0.486957,0.778261,230,phase1_10class,phase1,unknown,False,per-class labels match Phase 1 classes
logs/phase1/eval_phase1_2026-05-09_11-33-58.json,phase1,phase1,2026-05-09_11-33-58,0.486957,0.782609,230,phase1_10class,phase1,unknown,False,per-class labels match Phase 1 classes
logs/phase1/eval_phase1_2026-05-09_11-34-39.json,phase1,phase1,2026-05-09_11-34-39,0.491304,0.786957,230,phase1_10class,phase1,unknown,False,per-class labels match Phase 1 classes
logs/phase1/eval_phase1_2026-05-09_11-35-47.json,phase1,phase1,2026-05-09_11-35-47,0.491304,0.786957,230,phase1_10class,phase1,unknown,False,per-class labels match Phase 1 classes
logs/phase1/eval_phase1_2026-05-09_11-36-21.json,phase1,phase1,2026-05-09_11-36-21,0.495652,0.782609,230,phase1_10class,phase1,unknown,False,per-class labels match Phase 1 classes
logs/phase1/eval_phase1_2026-05-09_11-37-23.json,phase1,phase1,2026-05-09_11-37-23,0.460870,0.765217,230,phase1_10class,phase1,unknown,False,per-class labels match Phase 1 classes
logs/phase1/eval_phase1_2026-05-09_11-37-52.json,phase1,phase1,2026-05-09_11-37-52,0.495652,0.782609,230,phase1_10class,phase1,unknown,False,per-class labels match Phase 1 classes
logs/phase1/eval_phase1_2026-05-09_11-38-57.json,phase1,phase1,2026-05-09_11-38-57,0.491304,0.782609,230,phase1_10class,phase1,unknown,False,per-class labels match Phase 1 classes
logs/phase1/eval_phase1_2026-05-09_11-40-05.json,phase1,phase1,2026-05-09_11-40-05,0.504348,0.782609,230,phase1_10class,phase1,unknown,False,per-class labels match Phase 1 classes
logs/phase1/eval_phase1_2026-05-09_11-41-43.json,phase1,phase1,2026-05-09_11-41-43,0.534783,0.786957,230,phase1_10class,phase1,unknown,False,per-class labels match Phase 1 classes
logs/phase1/eval_phase1_2026-05-09_11-42-04.json,phase1,phase1,2026-05-09_11-42-04,0.534783,0.786957,230,phase1_10class,phase1,unknown,False,per-class labels match Phase 1 classes
logs/phase1/eval_phase1_2026-05-09_11-43-00.json,phase1,phase1,2026-05-09_11-43-00,0.534783,0.786957,230,phase1_10class,phase1,unknown,False,per-class labels match Phase 1 classes
logs/phase1/eval_phase1_2026-05-09_11-43-33.json,phase1,phase1,2026-05-09_11-43-33,0.534783,0.786957,230,phase1_10class,phase1,unknown,False,per-class labels match Phase 1 classes
logs/phase1/eval_phase1_2026-05-09_11-45-06.json,phase1,phase1,2026-05-09_11-45-06,0.530435,0.786957,230,phase1_10class,phase1,unknown,False,per-class labels match Phase 1 classes
logs/phase1/eval_phase1_2026-05-09_11-45-29.json,phase1,phase1,2026-05-09_11-45-29,0.534783,0.786957,230,phase1_10class,phase1,unknown,False,per-class labels match Phase 1 classes
logs/phase1/eval_phase1_2026-05-09_11-47-50.json,phase1,phase1,2026-05-09_11-47-50,0.534783,0.786957,230,phase1_10class,phase1,unknown,False,per-class labels match Phase 1 classes
logs/phase1/eval_phase1_2026-05-09_11-54-12.json,phase1,phase1,2026-05-09_11-54-12,0.521739,0.769565,230,phase1_10class,phase1,unknown,False,per-class labels match Phase 1 classes
logs/phase1/eval_phase1_2026-05-09_11-54-26.json,phase1,phase1,2026-05-09_11-54-26,0.521739,0.769565,230,phase1_10class,phase1,unknown,False,per-class labels match Phase 1 classes
logs/phase1/eval_phase1_2026-05-09_11-54-48.json,phase1,phase1,2026-05-09_11-54-48,0.521739,0.773913,230,phase1_10class,phase1,unknown,False,per-class labels match Phase 1 classes
logs/phase1/eval_phase1_2026-05-09_11-55-20.json,phase1,phase1,2026-05-09_11-55-20,0.517391,0.778261,230,phase1_10class,phase1,unknown,False,per-class labels match Phase 1 classes
logs/phase1/eval_phase1_2026-05-09_11-56-04.json,phase1,phase1,2026-05-09_11-56-04,0.534783,0.786957,230,phase1_10class,phase1,unknown,False,per-class labels match Phase 1 classes
logs/phase1/eval_phase1_2026-05-09_11-57-43.json,phase1,phase1,2026-05-09_11-57-43,0.534783,0.786957,230,phase1_10class,phase1,unknown,False,per-class labels match Phase 1 classes
logs/phase1/eval_phase1_2026-05-09_11-59-05.json,phase1,phase1,2026-05-09_11-59-05,0.534783,0.786957,230,phase1_10class,phase1,unknown,False,per-class labels match Phase 1 classes
logs/phase1/eval_phase1_2026-05-09_11-59-27.json,phase1,phase1,2026-05-09_11-59-27,0.539130,0.791304,230,phase1_10class,phase1,unknown,False,per-class labels match Phase 1 classes
logs/phase1/eval_phase1_2026-05-09_12-02-00.json,phase1,phase1,2026-05-09_12-02-00,0.539130,0.791304,230,phase1_10class,phase1,unknown,False,per-class labels match Phase 1 classes
logs/phase1/eval_phase1_2026-05-09_12-02-28.json,phase1,phase1,2026-05-09_12-02-28,0.539130,0.791304,230,phase1_10class,phase1,unknown,False,per-class labels match Phase 1 classes
logs/phase1/eval_phase1_2026-05-09_12-04-20.json,phase1,phase1,2026-05-09_12-04-20,0.556522,0.804348,230,phase1_10class,phase1,unknown,False,per-class labels match Phase 1 classes
logs/phase1/eval_phase1_2026-05-09_12-04-36.json,phase1,phase1,2026-05-09_12-04-36,0.556522,0.804348,230,phase1_10class,phase1,unknown,False,per-class labels match Phase 1 classes
logs/phase1/eval_phase1_2026-05-09_12-05-29.json,phase1,phase1,2026-05-09_12-05-29,0.565217,0.817391,230,phase1_10class,phase1,unknown,False,per-class labels match Phase 1 classes
logs/phase1/eval_phase1_2026-05-09_12-05-41.json,phase1,phase1,2026-05-09_12-05-41,0.565217,0.817391,230,phase1_10class,phase1,unknown,False,per-class labels match Phase 1 classes
logs/phase1/eval_phase1_2026-05-09_12-06-11.json,phase1,phase1,2026-05-09_12-06-11,0.565217,0.817391,230,phase1_10class,phase1,unknown,False,per-class labels match Phase 1 classes
logs/phase1/eval_phase1_2026-05-09_12-06-58.json,phase1,phase1,2026-05-09_12-06-58,0.573913,0.817391,230,phase1_10class,phase1,unknown,False,per-class labels match Phase 1 classes
logs/phase1/eval_phase1_2026-05-09_12-07-10.json,phase1,phase1,2026-05-09_12-07-10,0.573913,0.817391,230,phase1_10class,phase1,unknown,False,per-class labels match Phase 1 classes
logs/phase1/eval_phase1_2026-05-09_12-10-28.json,phase1,phase1,2026-05-09_12-10-28,0.569565,0.804348,230,phase1_10class,phase1,unknown,False,per-class labels match Phase 1 classes
logs/phase1/eval_phase1_2026-05-09_12-11-14.json,phase1,phase1,2026-05-09_12-11-14,0.582609,0.813043,230,phase1_10class,phase1,unknown,False,per-class labels match Phase 1 classes
logs/phase1/eval_phase1_2026-05-09_12-11-40.json,phase1,phase1,2026-05-09_12-11-40,0.578261,0.813043,230,phase1_10class,phase1,unknown,False,per-class labels match Phase 1 classes
logs/phase1/eval_phase1_2026-05-09_12-11-57.json,phase1,phase1,2026-05-09_12-11-57,0.582609,0.813043,230,phase1_10class,phase1,unknown,False,per-class labels match Phase 1 classes
logs/phase1/eval_phase1_2026-05-09_12-19-29.json,phase1,phase1,2026-05-09_12-19-29,0.582609,0.817391,230,phase1_10class,phase1,unknown,False,per-class labels match Phase 1 classes
logs/phase1/eval_phase1_2026-05-09_12-23-15.json,phase1,phase1,2026-05-09_12-23-15,0.582609,0.817391,230,phase1_10class,phase1,unknown,False,per-class labels match Phase 1 classes
logs/phase1/eval_phase1_2026-05-09_12-24-27.json,phase1,phase1,2026-05-09_12-24-27,0.573913,0.821739,230,phase1_10class,phase1,unknown,False,per-class labels match Phase 1 classes
logs/phase1/eval_phase1_2026-05-09_12-25-57.json,phase1,phase1,2026-05-09_12-25-57,0.582609,0.817391,230,phase1_10class,phase1,unknown,False,per-class labels match Phase 1 classes
logs/phase1/eval_phase1_2026-05-09_12-27-44.json,phase1,phase1,2026-05-09_12-27-44,0.582609,0.817391,230,phase1_10class,phase1,unknown,False,per-class labels match Phase 1 classes
logs/phase1/eval_phase1_2026-05-09_12-29-11.json,phase1,phase1,2026-05-09_12-29-11,0.578261,0.826087,230,phase1_10class,phase1,unknown,False,per-class labels match Phase 1 classes
logs/phase1/eval_phase1_2026-05-09_12-29-46.json,phase1,phase1,2026-05-09_12-29-46,0.586957,0.817391,230,phase1_10class,phase1,unknown,False,per-class labels match Phase 1 classes
logs/phase1/eval_phase1_2026-05-09_12-32-26.json,phase1,phase1,2026-05-09_12-32-26,0.586957,0.821739,230,phase1_10class,phase1,unknown,False,per-class labels match Phase 1 classes
logs/phase1/eval_phase1_2026-05-09_12-34-01.json,phase1,phase1,2026-05-09_12-34-01,0.578261,0.830435,230,phase1_10class,phase1,unknown,False,per-class labels match Phase 1 classes
logs/phase1/eval_phase1_2026-05-09_12-34-18.json,phase1,phase1,2026-05-09_12-34-18,0.578261,0.826087,230,phase1_10class,phase1,unknown,False,per-class labels match Phase 1 classes
logs/phase1/eval_phase1_2026-05-09_12-35-16.json,phase1,phase1,2026-05-09_12-35-16,0.595652,0.821739,230,phase1_10class,phase1,unknown,False,per-class labels match Phase 1 classes
logs/phase1/eval_phase1_2026-05-09_12-35-55.json,phase1,phase1,2026-05-09_12-35-55,0.600000,0.821739,230,phase1_10class,phase1,unknown,False,per-class labels match Phase 1 classes
logs/phase1/eval_phase1_2026-05-09_12-36-51.json,phase1,phase1,2026-05-09_12-36-51,0.608696,0.821739,230,phase1_10class,phase1,unknown,False,per-class labels match Phase 1 classes
logs/phase1/eval_phase1_2026-05-09_12-37-44.json,phase1,phase1,2026-05-09_12-37-44,0.617391,0.817391,230,phase1_10class,phase1,unknown,False,per-class labels match Phase 1 classes
logs/phase1/eval_phase1_2026-05-09_12-38-17.json,phase1,phase1,2026-05-09_12-38-17,0.604348,0.813043,230,phase1_10class,phase1,unknown,False,per-class labels match Phase 1 classes
logs/phase1/eval_phase1_2026-05-09_12-39-57.json,phase1,phase1,2026-05-09_12-39-57,0.617391,0.817391,230,phase1_10class,phase1,unknown,False,per-class labels match Phase 1 classes
logs/phase1/eval_phase1_2026-05-09_12-47-42.json,phase1,phase1,2026-05-09_12-47-42,0.586957,0.839130,230,phase1_10class,phase1,unknown,False,per-class labels match Phase 1 classes
logs/phase1/eval_phase1_2026-05-09_12-48-19.json,phase1,phase1,2026-05-09_12-48-19,0.639130,0.847826,230,phase1_10class,phase1,unknown,False,per-class labels match Phase 1 classes
logs/phase1/eval_phase1_2026-05-09_12-52-19.json,phase1,phase1,2026-05-09_12-52-19,0.639130,0.847826,230,phase1_10class,phase1,unknown,False,per-class labels match Phase 1 classes
logs/phase1/eval_phase1_2026-05-09_12-56-17.json,phase1,phase1,2026-05-09_12-56-17,0.639130,0.847826,230,phase1_10class,phase1,unknown,False,per-class labels match Phase 1 classes
logs/phase1/eval_phase1_2026-05-09_13-00-56.json,phase1,phase1,2026-05-09_13-00-56,0.639130,0.852174,230,phase1_10class,phase1,unknown,False,per-class labels match Phase 1 classes
logs/phase1/eval_phase1_2026-05-09_13-01-29.json,phase1,phase1,2026-05-09_13-01-29,0.639130,0.847826,230,phase1_10class,phase1,unknown,False,per-class labels match Phase 1 classes
logs/phase1/eval_phase1_2026-05-09_13-02-47.json,phase1,phase1,2026-05-09_13-02-47,0.643478,0.852174,230,phase1_10class,phase1,unknown,False,per-class labels match Phase 1 classes
logs/phase1/eval_phase1_2026-05-09_13-04-36.json,phase1,phase1,2026-05-09_13-04-36,0.652174,0.852174,230,phase1_10class,phase1,unknown,False,per-class labels match Phase 1 classes
logs/phase1/eval_phase1_2026-05-09_13-05-12.json,phase1,phase1,2026-05-09_13-05-12,0.656522,0.860870,230,phase1_10class,phase1,unknown,False,per-class labels match Phase 1 classes
logs/phase1/eval_phase1_2026-05-09_13-06-44.json,phase1,phase1,2026-05-09_13-06-44,0.660870,0.860870,230,phase1_10class,phase1,unknown,False,per-class labels match Phase 1 classes
logs/phase1/eval_phase1_2026-05-09_13-07-35.json,phase1,phase1,2026-05-09_13-07-35,0.665217,0.860870,230,phase1_10class,phase1,unknown,False,per-class labels match Phase 1 classes
logs/phase1/eval_phase1_2026-05-09_13-08-22.json,phase1,phase1,2026-05-09_13-08-22,0.673913,0.860870,230,phase1_10class,phase1,unknown,False,per-class labels match Phase 1 classes
logs/phase1/eval_phase1_2026-05-09_13-09-25.json,phase1,phase1,2026-05-09_13-09-25,0.669565,0.865217,230,phase1_10class,phase1,unknown,False,per-class labels match Phase 1 classes
logs/phase1/eval_phase1_2026-05-09_13-09-41.json,phase1,phase1,2026-05-09_13-09-41,0.673913,0.865217,230,phase1_10class,phase1,unknown,False,per-class labels match Phase 1 classes
logs/phase1/eval_phase1_2026-05-09_13-09-57.json,phase1,phase1,2026-05-09_13-09-57,0.673913,0.860870,230,phase1_10class,phase1,unknown,False,per-class labels match Phase 1 classes
logs/phase1/eval_phase1_2026-05-09_13-11-41.json,phase1,phase1,2026-05-09_13-11-41,0.673913,0.860870,230,phase1_10class,phase1,unknown,False,per-class labels match Phase 1 classes
logs/phase1/eval_phase1_2026-05-09_13-11-50.json,phase1,phase1,2026-05-09_13-11-50,0.673913,0.860870,230,phase1_10class,phase1,unknown,False,per-class labels match Phase 1 classes
logs/phase1/eval_phase1_2026-05-09_13-22-51.json,phase1,phase1,2026-05-09_13-22-51,0.678261,0.856522,230,phase1_10class,phase1,unknown,False,per-class labels match Phase 1 classes
logs/phase1/eval_phase1_2026-05-09_13-23-08.json,phase1,phase1,2026-05-09_13-23-08,0.673913,0.856522,230,phase1_10class,phase1,unknown,False,per-class labels match Phase 1 classes
logs/phase1/eval_phase1_2026-05-09_13-23-28.json,phase1,phase1,2026-05-09_13-23-28,0.669565,0.856522,230,phase1_10class,phase1,unknown,False,per-class labels match Phase 1 classes
logs/phase1/eval_phase1_2026-05-09_13-24-50.json,phase1,phase1,2026-05-09_13-24-50,0.673913,0.856522,230,phase1_10class,phase1,unknown,False,per-class labels match Phase 1 classes
logs/phase1/eval_phase1_2026-05-09_13-25-04.json,phase1,phase1,2026-05-09_13-25-04,0.678261,0.856522,230,phase1_10class,phase1,unknown,False,per-class labels match Phase 1 classes
logs/phase1/eval_phase1_2026-05-09_13-25-32.json,phase1,phase1,2026-05-09_13-25-32,0.678261,0.856522,230,phase1_10class,phase1,unknown,False,per-class labels match Phase 1 classes
logs/phase1/eval_phase1_2026-05-09_13-26-44.json,phase1,phase1,2026-05-09_13-26-44,0.669565,0.856522,230,phase1_10class,phase1,unknown,False,per-class labels match Phase 1 classes
logs/phase1/eval_phase1_2026-05-09_13-27-08.json,phase1,phase1,2026-05-09_13-27-08,0.678261,0.856522,230,phase1_10class,phase1,unknown,False,per-class labels match Phase 1 classes
logs/phase1/eval_phase1_2026-05-09_13-27-55.json,phase1,phase1,2026-05-09_13-27-55,0.678261,0.856522,230,phase1_10class,phase1,unknown,False,per-class labels match Phase 1 classes
logs/phase1/eval_phase1_2026-05-09_13-30-00.json,phase1,phase1,2026-05-09_13-30-00,0.652174,0.817391,230,phase1_10class,phase1,unknown,False,per-class labels match Phase 1 classes
logs/phase1/eval_phase1_2026-05-09_13-30-17.json,phase1,phase1,2026-05-09_13-30-17,0.678261,0.856522,230,phase1_10class,phase1,unknown,False,per-class labels match Phase 1 classes
logs/phase1/eval_phase1_2026-05-09_13-31-43.json,phase1,phase1,2026-05-09_13-31-43,0.678261,0.856522,230,phase1_10class,phase1,unknown,False,per-class labels match Phase 1 classes
logs/phase1/eval_phase1_2026-05-09_13-34-33.json,phase1,phase1,2026-05-09_13-34-33,0.673913,0.860870,230,phase1_10class,phase1,unknown,False,per-class labels match Phase 1 classes
logs/phase1/eval_phase1_2026-05-09_13-34-56.json,phase1,phase1,2026-05-09_13-34-56,0.678261,0.860870,230,phase1_10class,phase1,unknown,False,per-class labels match Phase 1 classes
logs/phase1/eval_phase1_2026-05-09_13-35-12.json,phase1,phase1,2026-05-09_13-35-12,0.669565,0.856522,230,phase1_10class,phase1,unknown,False,per-class labels match Phase 1 classes
logs/phase1/eval_phase1_2026-05-09_13-35-41.json,phase1,phase1,2026-05-09_13-35-41,0.678261,0.856522,230,phase1_10class,phase1,unknown,False,per-class labels match Phase 1 classes
logs/phase1/eval_phase1_2026-05-09_13-36-06.json,phase1,phase1,2026-05-09_13-36-06,0.678261,0.856522,230,phase1_10class,phase1,unknown,False,per-class labels match Phase 1 classes
logs/phase1/eval_phase1_2026-05-09_18-27-15.json,phase1,phase1,2026-05-09_18-27-15,0.678261,0.856522,230,phase1_10class,phase1,unknown,False,per-class labels match Phase 1 classes
logs/phase1/eval_phase1_2026-05-09_18-51-40.json,phase1,phase1,2026-05-09_18-51-40,0.678261,0.860870,230,phase1_10class,phase1,unknown,False,per-class labels match Phase 1 classes
logs/phase1/eval_phase1_2026-05-09_18-53-35.json,phase1,phase1,2026-05-09_18-53-35,0.682609,0.860870,230,phase1_10class,phase1,unknown,False,per-class labels match Phase 1 classes
logs/phase1/eval_phase1_2026-05-09_18-54-39.json,phase1,phase1,2026-05-09_18-54-39,0.682609,0.860870,230,phase1_10class,phase1,unknown,False,per-class labels match Phase 1 classes
logs/phase1/eval_phase1_2026-05-09_19-01-58.json,phase1,phase1,2026-05-09_19-01-58,0.686957,0.860870,230,phase1_10class,phase1,unknown,False,per-class labels match Phase 1 classes
logs/phase1/eval_phase1_2026-05-09_19-04-46.json,phase1,phase1,2026-05-09_19-04-46,0.700000,0.860870,230,phase1_10class,phase1,unknown,False,per-class labels match Phase 1 classes
logs/phase1/eval_phase1_2026-05-09_19-07-47.json,phase1,phase1,2026-05-09_19-07-47,0.700000,0.873913,230,phase1_10class,phase1,unknown,False,per-class labels match Phase 1 classes
logs/phase1/eval_phase1_2026-05-09_19-08-18.json,phase1,phase1,2026-05-09_19-08-18,0.700000,0.873913,230,phase1_10class,phase1,unknown,False,per-class labels match Phase 1 classes
logs/phase1/eval_phase1_2026-05-09_19-09-07.json,phase1,phase1,2026-05-09_19-09-07,0.695652,0.860870,230,phase1_10class,phase1,unknown,False,per-class labels match Phase 1 classes
logs/phase1/eval_phase1_2026-05-09_19-10-21.json,phase1,phase1,2026-05-09_19-10-21,0.682609,0.908696,230,phase1_10class,phase1,unknown,False,per-class labels match Phase 1 classes
logs/phase1/eval_phase1_2026-05-09_19-10-55.json,phase1,phase1,2026-05-09_19-10-55,0.704348,0.891304,230,phase1_10class,phase1,unknown,False,per-class labels match Phase 1 classes
logs/phase1/eval_phase1_2026-05-09_19-12-49.json,phase1,phase1,2026-05-09_19-12-49,0.704348,0.895652,230,phase1_10class,phase1,unknown,False,per-class labels match Phase 1 classes
logs/phase1/eval_phase1_2026-05-09_19-14-54.json,phase1,phase1,2026-05-09_19-14-54,0.708696,0.895652,230,phase1_10class,phase1,unknown,False,per-class labels match Phase 1 classes
logs/phase1/eval_phase1_2026-05-09_19-16-42.json,phase1,phase1,2026-05-09_19-16-42,0.713043,0.895652,230,phase1_10class,phase1,unknown,False,per-class labels match Phase 1 classes
logs/phase1/eval_phase1_2026-05-09_19-19-11.json,phase1,phase1,2026-05-09_19-19-11,0.717391,0.895652,230,phase1_10class,phase1,unknown,False,per-class labels match Phase 1 classes
logs/phase1/eval_phase1_2026-05-09_19-20-30.json,phase1,phase1,2026-05-09_19-20-30,0.721739,0.895652,230,phase1_10class,phase1,unknown,False,per-class labels match Phase 1 classes
logs/phase1/eval_phase1_2026-05-09_19-24-34.json,phase1,phase1,2026-05-09_19-24-34,0.695652,0.895652,230,phase1_10class,phase1,unknown,False,per-class labels match Phase 1 classes
logs/phase1/eval_phase1_2026-05-09_19-27-02.json,phase1,phase1,2026-05-09_19-27-02,0.721739,0.895652,230,phase1_10class,phase1,unknown,False,per-class labels match Phase 1 classes
logs/phase1/eval_phase1_2026-05-09_19-27-57.json,phase1,phase1,2026-05-09_19-27-57,0.721739,0.895652,230,phase1_10class,phase1,unknown,False,per-class labels match Phase 1 classes
logs/phase1/eval_phase1_2026-05-09_19-28-48.json,phase1,phase1,2026-05-09_19-28-48,0.691304,0.895652,230,phase1_10class,phase1,unknown,False,per-class labels match Phase 1 classes
logs/phase1/eval_phase1_2026-05-09_19-31-56.json,phase1,phase1,2026-05-09_19-31-56,0.726087,0.895652,230,phase1_10class,phase1,unknown,False,per-class labels match Phase 1 classes
logs/phase1/eval_phase1_2026-05-09_19-33-24.json,phase1,phase1,2026-05-09_19-33-24,0.726087,0.895652,230,phase1_10class,phase1,unknown,False,per-class labels match Phase 1 classes
logs/phase1/eval_phase1_2026-05-09_19-34-21.json,phase1,phase1,2026-05-09_19-34-21,0.730435,0.895652,230,phase1_10class,phase1,unknown,False,per-class labels match Phase 1 classes
logs/phase1/eval_phase1_2026-05-09_19-40-59.json,phase1,phase1,2026-05-09_19-40-59,0.730435,0.895652,230,phase1_10class,phase1,unknown,False,per-class labels match Phase 1 classes
logs/phase1/eval_phase1_2026-05-09_19-51-35.json,phase1,phase1,2026-05-09_19-51-35,0.730435,0.895652,230,phase1_10class,phase1,unknown,False,per-class labels match Phase 1 classes
logs/phase1/eval_phase1_2026-05-09_19-52-02.json,phase1,phase1,2026-05-09_19-52-02,0.730435,0.895652,230,phase1_10class,phase1,unknown,False,per-class labels match Phase 1 classes
logs/phase1/eval_phase1_2026-05-09_19-54-06.json,phase1,phase1,2026-05-09_19-54-06,0.747826,0.904348,230,phase1_10class,phase1,unknown,False,per-class labels match Phase 1 classes
logs/phase1/eval_phase1_2026-05-09_19-54-28.json,phase1,phase1,2026-05-09_19-54-28,0.747826,0.904348,230,phase1_10class,phase1,unknown,False,per-class labels match Phase 1 classes
logs/phase1/eval_phase1_2026-05-09_19-56-20.json,phase1,phase1,2026-05-09_19-56-20,0.747826,0.900000,230,phase1_10class,phase1,unknown,False,per-class labels match Phase 1 classes
logs/phase1/eval_phase1_2026-05-09_19-56-41.json,phase1,phase1,2026-05-09_19-56-41,0.747826,0.900000,230,phase1_10class,phase1,unknown,False,per-class labels match Phase 1 classes
logs/phase1/eval_phase1_2026-05-09_20-02-04.json,phase1,phase1,2026-05-09_20-02-04,0.756522,0.900000,230,phase1_10class,phase1,unknown,False,per-class labels match Phase 1 classes
logs/phase1/eval_phase1_2026-05-09_20-02-23.json,phase1,phase1,2026-05-09_20-02-23,0.756522,0.900000,230,phase1_10class,phase1,unknown,False,per-class labels match Phase 1 classes
logs/phase1/eval_phase1_2026-05-09_20-05-58.json,phase1,phase1,2026-05-09_20-05-58,0.769565,0.900000,230,phase1_10class,phase1,unknown,False,per-class labels match Phase 1 classes
logs/phase1/eval_phase1_2026-05-09_20-06-20.json,phase1,phase1,2026-05-09_20-06-20,0.769565,0.900000,230,phase1_10class,phase1,unknown,False,per-class labels match Phase 1 classes
logs/phase1/eval_phase1_2026-05-09_20-08-21.json,phase1,phase1,2026-05-09_20-08-21,0.773913,0.900000,230,phase1_10class,phase1,unknown,False,per-class labels match Phase 1 classes
logs/phase1/eval_phase1_2026-05-09_20-10-57.json,phase1,phase1,2026-05-09_20-10-57,0.782609,0.900000,230,phase1_10class,phase1,unknown,False,per-class labels match Phase 1 classes
logs/phase1/eval_phase1_2026-05-09_20-12-12.json,phase1,phase1,2026-05-09_20-12-12,0.782609,0.900000,230,phase1_10class,phase1,unknown,False,per-class labels match Phase 1 classes
logs/phase1/eval_phase1_2026-05-09_20-13-27.json,phase1,phase1,2026-05-09_20-13-27,0.778261,0.900000,230,phase1_10class,phase1,unknown,False,per-class labels match Phase 1 classes
logs/phase1/eval_phase1_2026-05-09_20-43-38.json,phase1,phase1,2026-05-09_20-43-38,0.778261,0.900000,230,phase1_10class,phase1,unknown,False,per-class labels match Phase 1 classes
logs/phase1/eval_phase1_2026-05-09_20-48-17.json,phase1,phase1,2026-05-09_20-48-17,0.786957,0.895652,230,phase1_10class,phase1,unknown,False,per-class labels match Phase 1 classes
logs/phase1/eval_phase1_2026-05-09_20-53-38.json,phase1,phase1,2026-05-09_20-53-38,0.791304,0.895652,230,phase1_10class,phase1,unknown,False,per-class labels match Phase 1 classes
logs/phase1/eval_phase1_2026-05-09_21-00-26.json,phase1,phase1,2026-05-09_21-00-26,0.804348,0.895652,230,phase1_10class,phase1,unknown,False,per-class labels match Phase 1 classes
logs/phase1/eval_phase1_2026-05-09_21-05-04.json,phase1,phase1,2026-05-09_21-05-04,0.804348,0.913043,230,phase1_10class,phase1,unknown,False,per-class labels match Phase 1 classes
logs/phase1/eval_phase1_2026-05-09_21-05-32.json,phase1,phase1,2026-05-09_21-05-32,0.808696,0.913043,230,phase1_10class,phase1,unknown,False,per-class labels match Phase 1 classes
logs/phase1/eval_phase1_2026-05-09_21-09-34.json,phase1,phase1,2026-05-09_21-09-34,0.813043,0.913043,230,phase1_10class,phase1,unknown,False,per-class labels match Phase 1 classes
logs/phase1/eval_phase1_2026-05-09_21-11-23.json,phase1,phase1,2026-05-09_21-11-23,0.813043,0.913043,230,phase1_10class,phase1,unknown,False,per-class labels match Phase 1 classes
logs/phase1/eval_phase1_2026-05-09_21-13-30.json,phase1,phase1,2026-05-09_21-13-30,0.813043,0.913043,230,phase1_10class,phase1,unknown,False,per-class labels match Phase 1 classes
logs/phase1/eval_phase1_2026-05-09_21-16-26.json,phase1,phase1,2026-05-09_21-16-26,0.817391,0.913043,230,phase1_10class,phase1,unknown,False,per-class labels match Phase 1 classes
logs/phase1/eval_phase1_2026-05-09_21-21-05.json,phase1,phase1,2026-05-09_21-21-05,0.821739,0.917391,230,phase1_10class,phase1,unknown,False,per-class labels match Phase 1 classes
logs/phase1/eval_phase1_2026-05-09_21-22-16.json,phase1,phase1,2026-05-09_21-22-16,0.821739,0.917391,230,phase1_10class,phase1,unknown,False,per-class labels match Phase 1 classes
logs/phase1/eval_phase1_2026-05-09_21-24-41.json,phase1,phase1,2026-05-09_21-24-41,0.826087,0.917391,230,phase1_10class,phase1,unknown,False,per-class labels match Phase 1 classes
logs/phase1/eval_phase1_2026-05-09_21-26-51.json,phase1,phase1,2026-05-09_21-26-51,0.826087,0.917391,230,phase1_10class,phase1,unknown,False,per-class labels match Phase 1 classes
logs/phase1/eval_phase1_2026-05-09_21-30-31.json,phase1,phase1,2026-05-09_21-30-31,0.826087,0.917391,230,phase1_10class,phase1,unknown,False,per-class labels match Phase 1 classes
logs/phase1/eval_phase1_2026-05-09_21-30-50.json,phase1,phase1,2026-05-09_21-30-50,0.826087,0.917391,230,phase1_10class,phase1,unknown,False,per-class labels match Phase 1 classes
logs/phase1/eval_phase1_2026-05-09_21-31-07.json,phase1,phase1,2026-05-09_21-31-07,0.826087,0.917391,230,phase1_10class,phase1,unknown,False,per-class labels match Phase 1 classes
logs/phase1/eval_phase1_2026-05-09_21-31-22.json,phase1,phase1,2026-05-09_21-31-22,0.826087,0.917391,230,phase1_10class,phase1,unknown,False,per-class labels match Phase 1 classes
logs/phase1/eval_phase1_2026-05-09_21-34-07.json,phase1,phase1,2026-05-09_21-34-07,0.830435,0.921739,230,phase1_10class,phase1,unknown,False,per-class labels match Phase 1 classes
logs/phase1/eval_phase1_2026-05-09_21-34-34.json,phase1,phase1,2026-05-09_21-34-34,0.830435,0.921739,230,phase1_10class,phase1,unknown,False,per-class labels match Phase 1 classes
logs/phase1/eval_phase1_2026-05-09_21-42-29.json,phase1,phase1,2026-05-09_21-42-29,0.830435,0.921739,230,phase1_10class,phase1,unknown,False,per-class labels match Phase 1 classes
logs/phase1/eval_phase1_2026-05-09_21-46-48.json,phase1,phase1,2026-05-09_21-46-48,0.843478,0.921739,230,phase1_10class,phase1,unknown,False,per-class labels match Phase 1 classes
logs/phase1/eval_phase1_2026-05-09_21-51-44.json,phase1,phase1,2026-05-09_21-51-44,0.830435,0.908696,230,phase1_10class,phase1,unknown,False,per-class labels match Phase 1 classes
logs/phase1/eval_phase1_2026-05-09_21-52-14.json,phase1,phase1,2026-05-09_21-52-14,0.843478,0.921739,230,phase1_10class,phase1,unknown,False,per-class labels match Phase 1 classes
logs/phase1/eval_phase1_2026-05-09_21-55-33.json,phase1,phase1,2026-05-09_21-55-33,0.847826,0.921739,230,phase1_10class,phase1,unknown,False,per-class labels match Phase 1 classes
logs/phase1/eval_phase1_2026-05-09_22-00-07.json,phase1,phase1,2026-05-09_22-00-07,0.847826,0.921739,230,phase1_10class,phase1,unknown,False,per-class labels match Phase 1 classes
logs/phase1/eval_phase1_2026-05-09_22-02-34.json,phase1,phase1,2026-05-09_22-02-34,0.847826,0.921739,230,phase1_10class,phase1,unknown,False,per-class labels match Phase 1 classes
logs/phase1/eval_phase1_2026-05-09_22-03-00.json,phase1,phase1,2026-05-09_22-03-00,0.847826,0.921739,230,phase1_10class,phase1,unknown,False,per-class labels match Phase 1 classes
logs/phase1/eval_phase1_2026-05-09_22-14-45.json,phase1,phase1,2026-05-09_22-14-45,0.852174,0.921739,230,phase1_10class,phase1,unknown,False,per-class labels match Phase 1 classes
logs/phase1/eval_phase1_2026-05-09_22-15-11.json,phase1,phase1,2026-05-09_22-15-11,0.852174,0.921739,230,phase1_10class,phase1,unknown,False,per-class labels match Phase 1 classes
logs/phase1/eval_phase1_2026-05-09_22-15-35.json,phase1,phase1,2026-05-09_22-15-35,0.852174,0.921739,230,phase1_10class,phase1,unknown,False,per-class labels match Phase 1 classes
logs/phase1/eval_phase1_2026-05-09_22-16-00.json,phase1,phase1,2026-05-09_22-16-00,0.852174,0.921739,230,phase1_10class,phase1,unknown,False,per-class labels match Phase 1 classes
logs/phase1/eval_phase1_2026-05-09_22-16-23.json,phase1,phase1,2026-05-09_22-16-23,0.852174,0.921739,230,phase1_10class,phase1,unknown,False,per-class labels match Phase 1 classes
logs/phase1/eval_phase1_2026-05-09_22-17-38.json,phase1,phase1,2026-05-09_22-17-38,0.852174,0.917391,230,phase1_10class,phase1,unknown,False,per-class labels match Phase 1 classes
logs/phase1/eval_phase1_2026-05-09_22-18-00.json,phase1,phase1,2026-05-09_22-18-00,0.852174,0.917391,230,phase1_10class,phase1,unknown,False,per-class labels match Phase 1 classes
logs/phase1/eval_phase1_2026-05-09_22-19-18.json,phase1,phase1,2026-05-09_22-19-18,0.856522,0.921739,230,phase1_10class,phase1,unknown,False,per-class labels match Phase 1 classes
logs/phase1/eval_phase1_2026-05-09_22-21-33.json,phase1,phase1,2026-05-09_22-21-33,0.856522,0.921739,230,phase1_10class,phase1,unknown,False,per-class labels match Phase 1 classes
logs/phase1/eval_phase1_2026-05-09_22-23-52.json,phase1,phase1,2026-05-09_22-23-52,0.860870,0.921739,230,phase1_10class,phase1,unknown,False,per-class labels match Phase 1 classes
logs/phase1/eval_phase1_2026-05-09_22-25-14.json,phase1,phase1,2026-05-09_22-25-14,0.860870,0.921739,230,phase1_10class,phase1,unknown,False,per-class labels match Phase 1 classes
logs/phase1/eval_phase1_2026-05-09_22-35-05.json,phase1,phase1,2026-05-09_22-35-05,0.860870,0.921739,230,phase1_10class,phase1,unknown,False,per-class labels match Phase 1 classes
logs/phase1/eval_phase1_2026-05-12_03-44-37.json,phase1,phase1,2026-05-12_03-44-37,0.860870,0.921739,230,phase1_10class,phase1,unknown,False,per-class labels match Phase 1 classes
logs/phase1/eval_phase1_2026-05-12_10-57-02.json,phase1,phase1,2026-05-12_10-57-02,0.860870,0.921739,230,phase1_10class,phase1,unknown,False,per-class labels match Phase 1 classes
logs/phase2/eval_adaptive_hist_blend_2026-05-15_06-18-44.json,phase2,adaptive_hist_blend,2026-05-15_06-18-44,0.493000,0.731500,2000,phase2_10class,phase2,unknown,True,per-class labels match Phase 2 classes; 2000-sample full Phase 2 eval
logs/phase2/eval_adaptive_hist_v2_2026-05-15_06-24-04.json,phase2,adaptive_hist_v2,2026-05-15_06-24-04,0.504500,0.747500,2000,phase2_10class,phase2,unknown,True,per-class labels match Phase 2 classes; 2000-sample full Phase 2 eval
logs/phase2/eval_all_005_only_2026-05-18_08-10-29.json,phase2,all_005_only,2026-05-18_08-10-29,0.683500,0.798000,2000,phase2_10class,phase2,unknown,True,per-class labels match Phase 2 classes; 2000-sample full Phase 2 eval
logs/phase2/eval_all_005_r3_030_2026-05-18_08-07-53.json,phase2,all_005_r3_030,2026-05-18_08-07-53,0.683500,0.798500,2000,phase2_10class,phase2,unknown,True,per-class labels match Phase 2 classes; 2000-sample full Phase 2 eval
logs/phase2/eval_all_combo_2026-05-18_07-28-50.json,phase2,all_combo,2026-05-18_07-28-50,0.681000,0.797000,2000,phase2_10class,phase2,unknown,True,per-class labels match Phase 2 classes; 2000-sample full Phase 2 eval
logs/phase2/eval_all_three_up_2026-05-18_07-05-25.json,phase2,all_three_up,2026-05-18_07-05-25,0.680500,0.796500,2000,phase2_10class,phase2,unknown,True,per-class labels match Phase 2 classes; 2000-sample full Phase 2 eval
logs/phase2/eval_all_thresh_000_2026-05-18_07-02-34.json,phase2,all_thresh_000,2026-05-18_07-02-34,0.680500,0.795500,2000,phase2_10class,phase2,unknown,True,per-class labels match Phase 2 classes; 2000-sample full Phase 2 eval
logs/phase2/eval_all_verify_v2_2026-05-16_01-51-25.json,phase2,all_verify_v2,2026-05-16_01-51-25,0.567000,0.770000,2000,phase2_10class,phase2,unknown,True,per-class labels match Phase 2 classes; 2000-sample full Phase 2 eval
logs/phase2/eval_audit_test_2026-05-16_12-20-34.json,phase2,audit_test,2026-05-16_12-20-34,0.511000,0.744000,1000,phase2_10class,phase2,test,False,per-class labels match Phase 2 classes; excluded from comparable trajectory because n=1000
logs/phase2/eval_audit_train_2026-05-16_12-12-40.json,phase2,audit_train,2026-05-16_12-12-40,0.578500,0.769500,2000,phase2_10class,phase2,train,True,per-class labels match Phase 2 classes; 2000-sample full Phase 2 eval
logs/phase2/eval_audit_val_2026-05-16_12-18-26.json,phase2,audit_val,2026-05-16_12-18-26,0.529500,0.756000,2000,phase2_10class,phase2,val,True,per-class labels match Phase 2 classes; 2000-sample full Phase 2 eval
logs/phase2/eval_ban_gr_005_2026-05-18_07-00-01.json,phase2,ban_gr_005,2026-05-18_07-00-01,0.680000,0.796500,2000,phase2_10class,phase2,unknown,True,per-class labels match Phase 2 classes; 2000-sample full Phase 2 eval
logs/phase2/eval_ban_gr_005_2026-05-18_08-21-08.json,phase2,ban_gr_005,2026-05-18_08-21-08,0.685500,0.798000,2000,phase2_10class,phase2,unknown,True,per-class labels match Phase 2 classes; 2000-sample full Phase 2 eval
logs/phase2/eval_ban_mush_010_2026-05-18_11-25-52.json,phase2,ban_mush_010,2026-05-18_11-25-52,0.699000,0.811000,2000,phase2_10class,phase2,unknown,True,per-class labels match Phase 2 classes; 2000-sample full Phase 2 eval
logs/phase2/eval_ban_or_wcad_2026-05-18_06-43-28.json,phase2,ban_or_wcad,2026-05-18_06-43-28,0.678500,0.795500,2000,phase2_10class,phase2,unknown,True,per-class labels match Phase 2 classes; 2000-sample full Phase 2 eval
logs/phase2/eval_banana_bus_verify_2026-05-16_01-30-38.json,phase2,banana_bus_verify,2026-05-16_01-30-38,0.566000,0.770000,2000,phase2_10class,phase2,unknown,True,per-class labels match Phase 2 classes; 2000-sample full Phase 2 eval
logs/phase2/eval_banana_gate044_2026-05-15_20-06-38.json,phase2,banana_gate044,2026-05-15_20-06-38,0.543000,0.768500,2000,phase2_10class,phase2,unknown,True,per-class labels match Phase 2 classes; 2000-sample full Phase 2 eval
logs/phase2/eval_banana_hu1_guard_2026-05-15_12-51-38.json,phase2,banana_hu1_guard,2026-05-15_12-51-38,0.534000,0.764000,2000,phase2_10class,phase2,unknown,True,per-class labels match Phase 2 classes; 2000-sample full Phase 2 eval
logs/phase2/eval_banana_hu1_v2_2026-05-15_12-59-43.json,phase2,banana_hu1_v2,2026-05-15_12-59-43,0.534000,0.766500,2000,phase2_10class,phase2,unknown,True,per-class labels match Phase 2 classes; 2000-sample full Phase 2 eval
logs/phase2/eval_banana_orange_base005_2026-05-15_05-02-16.json,phase2,banana_orange_base005,2026-05-15_05-02-16,0.516500,0.761500,2000,phase2_10class,phase2,unknown,True,per-class labels match Phase 2 classes; 2000-sample full Phase 2 eval
logs/phase2/eval_banana_orange_improve_2026-05-14_11-45-20.json,phase2,banana_orange_improve,2026-05-14_11-45-20,0.508000,0.754500,2000,phase2_10class,phase2,unknown,True,per-class labels match Phase 2 classes; 2000-sample full Phase 2 eval
logs/phase2/eval_banana_orange_only_2026-05-18_06-01-47.json,phase2,banana_orange_only,2026-05-18_06-01-47,0.679000,0.795500,2000,phase2_10class,phase2,unknown,True,per-class labels match Phase 2 classes; 2000-sample full Phase 2 eval
logs/phase2/eval_banana_orange_thresh2_2026-05-18_05-58-24.json,phase2,banana_orange_thresh2,2026-05-18_05-58-24,0.678000,0.795500,2000,phase2_10class,phase2,unknown,True,per-class labels match Phase 2 classes; 2000-sample full Phase 2 eval
logs/phase2/eval_banana_orange_thresh_2026-05-18_05-56-43.json,phase2,banana_orange_thresh,2026-05-18_05-56-43,0.679000,0.795500,2000,phase2_10class,phase2,unknown,True,per-class labels match Phase 2 classes; 2000-sample full Phase 2 eval
logs/phase2/eval_banana_protect_2026-05-18_06-00-09.json,phase2,banana_protect,2026-05-18_06-00-09,0.678500,0.795500,2000,phase2_10class,phase2,unknown,True,per-class labels match Phase 2 classes; 2000-sample full Phase 2 eval
logs/phase2/eval_banana_rescue_2026-05-15_22-25-18.json,phase2,banana_rescue,2026-05-15_22-25-18,0.550500,0.770000,2000,phase2_10class,phase2,unknown,True,per-class labels match Phase 2 classes; 2000-sample full Phase 2 eval
logs/phase2/eval_banana_sb_025_2026-05-18_06-05-34.json,phase2,banana_sb_025,2026-05-18_06-05-34,0.678500,0.795500,2000,phase2_10class,phase2,unknown,True,per-class labels match Phase 2 classes; 2000-sample full Phase 2 eval
logs/phase2/eval_base_teapot_ban_2026-05-15_19-26-36.json,phase2,base_teapot_ban,2026-05-15_19-26-36,0.542500,0.768500,2000,phase2_10class,phase2,unknown,True,per-class labels match Phase 2 classes; 2000-sample full Phase 2 eval
logs/phase2/eval_baseline_70_2026-05-18_12-53-39.json,phase2,baseline_70,2026-05-18_12-53-39,0.700000,0.810500,2000,phase2_10class,phase2,unknown,True,per-class labels match Phase 2 classes; 2000-sample full Phase 2 eval
logs/phase2/eval_baseline_70_2026-05-18_16-37-55.json,phase2,baseline_70,2026-05-18_16-37-55,0.700000,0.810500,2000,phase2_10class,phase2,unknown,True,per-class labels match Phase 2 classes; 2000-sample full Phase 2 eval
logs/phase2/eval_baseline_check_2026-05-14_11-11-27.json,phase2,baseline_check,2026-05-14_11-11-27,0.505000,0.754500,2000,phase2_10class,phase2,unknown,True,per-class labels match Phase 2 classes; 2000-sample full Phase 2 eval
logs/phase2/eval_baseline_check_2026-05-18_21-05-48.json,phase2,baseline_check,2026-05-18_21-05-48,0.984500,0.986000,2000,phase2_10class,phase2,unknown,True,per-class labels match Phase 2 classes; 2000-sample full Phase 2 eval
logs/phase2/eval_baseline_check_v5_2026-05-15_09-22-43.json,phase2,baseline_check_v5,2026-05-15_09-22-43,0.522000,0.765000,2000,phase2_10class,phase2,unknown,True,per-class labels match Phase 2 classes; 2000-sample full Phase 2 eval
logs/phase2/eval_baseline_post_revert_2026-05-14_02-16-24.json,phase2,baseline_post_revert,2026-05-14_02-16-24,0.487500,0.754500,2000,phase2_10class,phase2,unknown,True,per-class labels match Phase 2 classes; 2000-sample full Phase 2 eval
logs/phase2/eval_baseline_s21_2026-05-18_15-04-45.json,phase2,baseline_s21,2026-05-18_15-04-45,0.700000,0.810500,2000,phase2_10class,phase2,unknown,True,per-class labels match Phase 2 classes; 2000-sample full Phase 2 eval
logs/phase2/eval_bc_bear_mush_2026-05-15_15-52-46.json,phase2,bc_bear_mush,2026-05-15_15-52-46,0.533500,0.767500,2000,phase2_10class,phase2,unknown,True,per-class labels match Phase 2 classes; 2000-sample full Phase 2 eval
logs/phase2/eval_bc_bear_mush_gentle_2026-05-15_16-05-37.json,phase2,bc_bear_mush_gentle,2026-05-15_16-05-37,0.533000,0.767500,2000,phase2_10class,phase2,unknown,True,per-class labels match Phase 2 classes; 2000-sample full Phase 2 eval
logs/phase2/eval_bear_cal_m001_2026-05-18_11-56-08.json,phase2,bear_cal_m001,2026-05-18_11-56-08,0.681000,0.799500,2000,phase2_10class,phase2,unknown,True,per-class labels match Phase 2 classes; 2000-sample full Phase 2 eval
logs/phase2/eval_bear_gr_005_2026-05-18_07-14-27.json,phase2,bear_gr_005,2026-05-18_07-14-27,0.680500,0.796500,2000,phase2_10class,phase2,unknown,True,per-class labels match Phase 2 classes; 2000-sample full Phase 2 eval
logs/phase2/eval_bear_gr_repulse_016_2026-05-18_12-02-46.json,phase2,bear_gr_repulse_016,2026-05-18_12-02-46,0.699000,0.809000,2000,phase2_10class,phase2,unknown,True,per-class labels match Phase 2 classes; 2000-sample full Phase 2 eval
logs/phase2/eval_bear_gr_val_2026-05-18_05-10-19.json,phase2,bear_gr_val,2026-05-18_05-10-19,0.676500,0.795000,2000,phase2_10class,phase2,val,True,per-class labels match Phase 2 classes; 2000-sample full Phase 2 eval
logs/phase2/eval_bear_kp_base015_2026-05-15_21-27-54.json,phase2,bear_kp_base015,2026-05-15_21-27-54,0.549000,0.769000,2000,phase2_10class,phase2,unknown,True,per-class labels match Phase 2 classes; 2000-sample full Phase 2 eval
logs/phase2/eval_bear_kp_conservative_2026-05-15_05-51-17.json,phase2,bear_kp_conservative,2026-05-15_05-51-17,0.518000,0.764500,2000,phase2_10class,phase2,unknown,True,per-class labels match Phase 2 classes; 2000-sample full Phase 2 eval
logs/phase2/eval_bear_kp_improved_2026-05-15_05-46-11.json,phase2,bear_kp_improved,2026-05-15_05-46-11,0.518000,0.764500,2000,phase2_10class,phase2,unknown,True,per-class labels match Phase 2 classes; 2000-sample full Phase 2 eval
logs/phase2/eval_bear_mush_005_2026-05-18_07-49-04.json,phase2,bear_mush_005,2026-05-18_07-49-04,0.683000,0.795500,2000,phase2_10class,phase2,unknown,True,per-class labels match Phase 2 classes; 2000-sample full Phase 2 eval
logs/phase2/eval_bear_mush_010_2026-05-18_07-25-02.json,phase2,bear_mush_010,2026-05-18_07-25-02,0.680000,0.796000,2000,phase2_10class,phase2,unknown,True,per-class labels match Phase 2 classes; 2000-sample full Phase 2 eval
logs/phase2/eval_bear_mush_cbr_2026-05-18_04-37-35.json,phase2,bear_mush_cbr,2026-05-18_04-37-35,0.676000,0.795500,2000,phase2_10class,phase2,unknown,True,per-class labels match Phase 2 classes; 2000-sample full Phase 2 eval
logs/phase2/eval_bear_mush_cbr_2026-05-18_05-13-50.json,phase2,bear_mush_cbr,2026-05-18_05-13-50,0.679000,0.796000,2000,phase2_10class,phase2,unknown,True,per-class labels match Phase 2 classes; 2000-sample full Phase 2 eval
logs/phase2/eval_bear_mush_cbr_2026-05-18_06-18-32.json,phase2,bear_mush_cbr,2026-05-18_06-18-32,0.678500,0.796500,2000,phase2_10class,phase2,unknown,True,per-class labels match Phase 2 classes; 2000-sample full Phase 2 eval
logs/phase2/eval_bear_mush_gabor_2026-05-14_12-07-05.json,phase2,bear_mush_gabor,2026-05-14_12-07-05,0.511000,0.754500,2000,phase2_10class,phase2,unknown,True,per-class labels match Phase 2 classes; 2000-sample full Phase 2 eval
logs/phase2/eval_bear_mush_thresh_2026-05-18_05-49-04.json,phase2,bear_mush_thresh,2026-05-18_05-49-04,0.663000,0.788500,2000,phase2_10class,phase2,unknown,True,per-class labels match Phase 2 classes; 2000-sample full Phase 2 eval
logs/phase2/eval_bear_mush_verify_2026-05-15_23-35-10.json,phase2,bear_mush_verify,2026-05-15_23-35-10,0.554000,0.770000,2000,phase2_10class,phase2,unknown,True,per-class labels match Phase 2 classes; 2000-sample full Phase 2 eval
logs/phase2/eval_bear_neg_cal_2026-05-18_05-47-30.json,phase2,bear_neg_cal,2026-05-18_05-47-30,0.665500,0.788500,2000,phase2_10class,phase2,unknown,True,per-class labels match Phase 2 classes; 2000-sample full Phase 2 eval
logs/phase2/eval_blend_087_2026-05-18_08-37-11.json,phase2,blend_087,2026-05-18_08-37-11,0.678000,0.796000,2000,phase2_10class,phase2,unknown,True,per-class labels match Phase 2 classes; 2000-sample full Phase 2 eval
logs/phase2/eval_both_plus_mush_sb05_2026-05-18_07-03-29.json,phase2,both_plus_mush_sb05,2026-05-18_07-03-29,0.680500,0.796000,2000,phase2_10class,phase2,unknown,True,per-class labels match Phase 2 classes; 2000-sample full Phase 2 eval
logs/phase2/eval_both_thresh_up_2026-05-18_06-57-57.json,phase2,both_thresh_up,2026-05-18_06-57-57,0.680000,0.796000,2000,phase2_10class,phase2,unknown,True,per-class labels match Phase 2 classes; 2000-sample full Phase 2 eval
logs/phase2/eval_bulk_fix1_deploy_2026-05-18_19-22-13.json,phase2,bulk_fix1_deploy,2026-05-18_19-22-13,0.820000,0.860500,2000,phase2_10class,phase2,unknown,True,per-class labels match Phase 2 classes; 2000-sample full Phase 2 eval
logs/phase2/eval_bus_mush_verify_2026-05-15_23-46-45.json,phase2,bus_mush_verify,2026-05-15_23-46-45,0.559500,0.770000,2000,phase2_10class,phase2,unknown,True,per-class labels match Phase 2 classes; 2000-sample full Phase 2 eval
logs/phase2/eval_bus_sports_n015_2026-05-15_21-32-04.json,phase2,bus_sports_n015,2026-05-15_21-32-04,0.550500,0.770000,2000,phase2_10class,phase2,unknown,True,per-class labels match Phase 2 classes; 2000-sample full Phase 2 eval
logs/phase2/eval_bus_sports_verify2_2026-05-16_00-28-08.json,phase2,bus_sports_verify2,2026-05-16_00-28-08,0.565000,0.770000,2000,phase2_10class,phase2,unknown,True,per-class labels match Phase 2 classes; 2000-sample full Phase 2 eval
logs/phase2/eval_bus_sports_verify_2026-05-16_00-20-32.json,phase2,bus_sports_verify,2026-05-16_00-20-32,0.565000,0.770000,2000,phase2_10class,phase2,unknown,True,per-class labels match Phase 2 classes; 2000-sample full Phase 2 eval
logs/phase2/eval_cal_banana_kp_2026-05-15_15-26-46.json,phase2,cal_banana_kp,2026-05-15_15-26-46,0.530500,0.761500,2000,phase2_10class,phase2,unknown,True,per-class labels match Phase 2 classes; 2000-sample full Phase 2 eval
logs/phase2/eval_calib_teapot_gr_2026-05-15_18-48-01.json,phase2,calib_teapot_gr,2026-05-15_18-48-01,0.534000,0.765000,2000,phase2_10class,phase2,unknown,True,per-class labels match Phase 2 classes; 2000-sample full Phase 2 eval
logs/phase2/eval_calib_v2_2026-05-15_18-52-43.json,phase2,calib_v2,2026-05-15_18-52-43,0.530500,0.767500,2000,phase2_10class,phase2,unknown,True,per-class labels match Phase 2 classes; 2000-sample full Phase 2 eval
logs/phase2/eval_calibration_v1_2026-05-14_18-43-13.json,phase2,calibration_v1,2026-05-14_18-43-13,0.513000,0.766500,2000,phase2_10class,phase2,unknown,True,per-class labels match Phase 2 classes; 2000-sample full Phase 2 eval
logs/phase2/eval_calibration_v2_2026-05-14_18-55-17.json,phase2,calibration_v2,2026-05-14_18-55-17,0.516000,0.760000,2000,phase2_10class,phase2,unknown,True,per-class labels match Phase 2 classes; 2000-sample full Phase 2 eval
logs/phase2/eval_calibration_v2_2026-05-15_05-15-15.json,phase2,calibration_v2,2026-05-15_05-15-15,0.514500,0.758000,2000,phase2_10class,phase2,unknown,True,per-class labels match Phase 2 classes; 2000-sample full Phase 2 eval
logs/phase2/eval_calibration_v3_2026-05-14_19-06-58.json,phase2,calibration_v3,2026-05-14_19-06-58,0.514500,0.759500,2000,phase2_10class,phase2,unknown,True,per-class labels match Phase 2 classes; 2000-sample full Phase 2 eval
logs/phase2/eval_clean_1379_2026-05-19_02-23-12.json,phase2,clean_1379,2026-05-19_02-23-12,0.700000,0.810500,2000,phase2_10class,phase2,unknown,True,per-class labels match Phase 2 classes; 2000-sample full Phase 2 eval
logs/phase2/eval_color_purity_teapot_kp_2026-05-15_17-54-09.json,phase2,color_purity_teapot_kp,2026-05-15_17-54-09,0.536500,0.768500,2000,phase2_10class,phase2,unknown,True,per-class labels match Phase 2 classes; 2000-sample full Phase 2 eval
logs/phase2/eval_committed_baseline_2026-05-14_03-26-12.json,phase2,committed_baseline,2026-05-14_03-26-12,0.489500,0.756500,2000,phase2_10class,phase2,unknown,True,per-class labels match Phase 2 classes; 2000-sample full Phase 2 eval
logs/phase2/eval_conf_gate_3class_2026-05-15_18-38-26.json,phase2,conf_gate_3class,2026-05-15_18-38-26,0.541000,0.768500,2000,phase2_10class,phase2,unknown,True,per-class labels match Phase 2 classes; 2000-sample full Phase 2 eval
logs/phase2/eval_conf_gate_6class_2026-05-15_18-43-02.json,phase2,conf_gate_6class,2026-05-15_18-43-02,0.532500,0.768500,2000,phase2_10class,phase2,unknown,True,per-class labels match Phase 2 classes; 2000-sample full Phase 2 eval
logs/phase2/eval_conf_gate_sports_2026-05-15_18-23-28.json,phase2,conf_gate_sports,2026-05-15_18-23-28,0.539500,0.768500,2000,phase2_10class,phase2,unknown,True,per-class labels match Phase 2 classes; 2000-sample full Phase 2 eval
logs/phase2/eval_conf_gate_sports_2026-05-15_18-36-09.json,phase2,conf_gate_sports,2026-05-15_18-36-09,0.539500,0.768500,2000,phase2_10class,phase2,unknown,True,per-class labels match Phase 2 classes; 2000-sample full Phase 2 eval
logs/phase2/eval_confirm_1361_2026-05-18_07-07-35.json,phase2,confirm_1361,2026-05-18_07-07-35,0.680000,0.796000,2000,phase2_10class,phase2,unknown,True,per-class labels match Phase 2 classes; 2000-sample full Phase 2 eval
logs/phase2/eval_confirm_1371_2026-05-18_07-57-12.json,phase2,confirm_1371,2026-05-18_07-57-12,0.685500,0.797500,2000,phase2_10class,phase2,unknown,True,per-class labels match Phase 2 classes; 2000-sample full Phase 2 eval
logs/phase2/eval_confirm_1372_2026-05-18_08-30-52.json,phase2,confirm_1372,2026-05-18_08-30-52,0.686000,0.798500,2000,phase2_10class,phase2,unknown,True,per-class labels match Phase 2 classes; 2000-sample full Phase 2 eval
logs/phase2/eval_confirm_1379_2026-05-18_10-31-03.json,phase2,confirm_1379,2026-05-18_10-31-03,0.689500,0.801000,2000,phase2_10class,phase2,unknown,True,per-class labels match Phase 2 classes; 2000-sample full Phase 2 eval
logs/phase2/eval_confirm_1399_2026-05-18_11-27-40.json,phase2,confirm_1399,2026-05-18_11-27-40,0.699500,0.811000,2000,phase2_10class,phase2,unknown,True,per-class labels match Phase 2 classes; 2000-sample full Phase 2 eval
logs/phase2/eval_confirm_1400_2026-05-18_12-17-02.json,phase2,confirm_1400,2026-05-18_12-17-02,0.700000,0.810500,2000,phase2_10class,phase2,unknown,True,per-class labels match Phase 2 classes; 2000-sample full Phase 2 eval
logs/phase2/eval_conjunctive_v1_2026-05-14_10-38-51.json,phase2,conjunctive_v1,2026-05-14_10-38-51,0.502500,0.754500,2000,phase2_10class,phase2,unknown,True,per-class labels match Phase 2 classes; 2000-sample full Phase 2 eval
logs/phase2/eval_conjunctive_v1_2026-05-14_10-46-21.json,phase2,conjunctive_v1,2026-05-14_10-46-21,0.502500,0.754500,2000,phase2_10class,phase2,unknown,True,per-class labels match Phase 2 classes; 2000-sample full Phase 2 eval
logs/phase2/eval_conjunctive_v2_2026-05-14_10-52-08.json,phase2,conjunctive_v2,2026-05-14_10-52-08,0.502500,0.754500,2000,phase2_10class,phase2,unknown,True,per-class labels match Phase 2 classes; 2000-sample full Phase 2 eval
logs/phase2/eval_conjunctive_v2_2026-05-14_11-03-16.json,phase2,conjunctive_v2,2026-05-14_11-03-16,0.502500,0.754500,2000,phase2_10class,phase2,unknown,True,per-class labels match Phase 2 classes; 2000-sample full Phase 2 eval
logs/phase2/eval_current_state_2026-05-18_06-58-17.json,phase2,current_state,2026-05-18_06-58-17,0.680000,0.796000,2000,phase2_10class,phase2,unknown,True,per-class labels match Phase 2 classes; 2000-sample full Phase 2 eval
logs/phase2/eval_current_state_2026-05-18_07-26-58.json,phase2,current_state,2026-05-18_07-26-58,0.681000,0.796500,2000,phase2_10class,phase2,unknown,True,per-class labels match Phase 2 classes; 2000-sample full Phase 2 eval
logs/phase2/eval_dct_deploy_2026-05-14_11-17-34.json,phase2,dct_deploy,2026-05-14_11-17-34,0.507500,0.754500,2000,phase2_10class,phase2,unknown,True,per-class labels match Phase 2 classes; 2000-sample full Phase 2 eval
logs/phase2/eval_dead_code_fix_2026-05-18_19-13-27.json,phase2,dead_code_fix,2026-05-18_19-13-27,0.789500,0.846500,2000,phase2_10class,phase2,unknown,True,per-class labels match Phase 2 classes; 2000-sample full Phase 2 eval
logs/phase2/eval_disc_elong_gabor_v1_2026-05-15_08-30-11.json,phase2,disc_elong_gabor_v1,2026-05-15_08-30-11,0.522500,0.764000,2000,phase2_10class,phase2,unknown,True,per-class labels match Phase 2 classes; 2000-sample full Phase 2 eval
logs/phase2/eval_disc_elong_gabor_v1_2026-05-15_08-35-06.json,phase2,disc_elong_gabor_v1,2026-05-15_08-35-06,0.522500,0.764000,2000,phase2_10class,phase2,unknown,True,per-class labels match Phase 2 classes; 2000-sample full Phase 2 eval
logs/phase2/eval_disc_gap_07_2026-05-18_11-43-06.json,phase2,disc_gap_07,2026-05-18_11-43-06,0.699000,0.809000,2000,phase2_10class,phase2,unknown,True,per-class labels match Phase 2 classes; 2000-sample full Phase 2 eval
logs/phase2/eval_disc_wcad_2026-05-18_22-20-30.json,phase2,disc_wcad,2026-05-18_22-20-30,0.997500,1.000000,2000,phase2_10class,phase2,unknown,True,per-class labels match Phase 2 classes; 2000-sample full Phase 2 eval
logs/phase2/eval_disc_wcad_2026-05-18_22-22-28.json,phase2,disc_wcad,2026-05-18_22-22-28,0.997500,1.000000,2000,phase2_10class,phase2,unknown,True,per-class labels match Phase 2 classes; 2000-sample full Phase 2 eval
logs/phase2/eval_double_verify_2026-05-15_22-14-29.json,phase2,double_verify,2026-05-15_22-14-29,0.550500,0.770000,2000,phase2_10class,phase2,unknown,True,per-class labels match Phase 2 classes; 2000-sample full Phase 2 eval
logs/phase2/eval_double_verify_2026-05-16_02-27-28.json,phase2,double_verify,2026-05-16_02-27-28,0.566000,0.770000,2000,phase2_10class,phase2,unknown,True,per-class labels match Phase 2 classes; 2000-sample full Phase 2 eval
logs/phase2/eval_edge_banana_mush_only_2026-05-15_08-19-59.json,phase2,edge_banana_mush_only,2026-05-15_08-19-59,0.522500,0.764500,2000,phase2_10class,phase2,unknown,True,per-class labels match Phase 2 classes; 2000-sample full Phase 2 eval
logs/phase2/eval_edge_conc_gr_mush_2026-05-15_08-07-43.json,phase2,edge_conc_gr_mush,2026-05-15_08-07-43,0.522000,0.764500,2000,phase2_10class,phase2,unknown,True,per-class labels match Phase 2 classes; 2000-sample full Phase 2 eval
logs/phase2/eval_edge_dist_deploy_2026-05-15_08-14-45.json,phase2,edge_dist_deploy,2026-05-15_08-14-45,0.519500,0.764500,2000,phase2_10class,phase2,unknown,True,per-class labels match Phase 2 classes; 2000-sample full Phase 2 eval
logs/phase2/eval_expanded_whitelist_2026-05-16_02-49-21.json,phase2,expanded_whitelist,2026-05-16_02-49-21,0.563000,0.770000,2000,phase2_10class,phase2,unknown,True,per-class labels match Phase 2 classes; 2000-sample full Phase 2 eval
logs/phase2/eval_fft_all_kp_2026-05-15_07-52-21.json,phase2,fft_all_kp,2026-05-15_07-52-21,0.519000,0.764500,2000,phase2_10class,phase2,unknown,True,per-class labels match Phase 2 classes; 2000-sample full Phase 2 eval
logs/phase2/eval_fft_bear_kp_only_2026-05-15_07-46-40.json,phase2,fft_bear_kp_only,2026-05-15_07-46-40,0.519000,0.764500,2000,phase2_10class,phase2,unknown,True,per-class labels match Phase 2 classes; 2000-sample full Phase 2 eval
logs/phase2/eval_fft_hv_ratio_2026-05-15_07-41-49.json,phase2,fft_hv_ratio,2026-05-15_07-41-49,0.519000,0.764000,2000,phase2_10class,phase2,unknown,True,per-class labels match Phase 2 classes; 2000-sample full Phase 2 eval
logs/phase2/eval_final_check_2026-05-18_07-30-33.json,phase2,final_check,2026-05-18_07-30-33,0.681000,0.796500,2000,phase2_10class,phase2,unknown,True,per-class labels match Phase 2 classes; 2000-sample full Phase 2 eval
logs/phase2/eval_final_session20_2026-05-19_02-33-48.json,phase2,final_session20,2026-05-19_02-33-48,0.700000,0.810500,2000,phase2_10class,phase2,unknown,True,per-class labels match Phase 2 classes; 2000-sample full Phase 2 eval
logs/phase2/eval_final_verify_full_2026-05-18_17-48-39.json,phase2,final_verify_full,2026-05-18_17-48-39,0.768000,0.838500,2000,phase2_10class,phase2,unknown,True,per-class labels match Phase 2 classes; 2000-sample full Phase 2 eval
logs/phase2/eval_final_verify_v1_2026-05-18_17-29-08.json,phase2,final_verify_v1,2026-05-18_17-29-08,0.724500,0.810500,2000,phase2_10class,phase2,unknown,True,per-class labels match Phase 2 classes; 2000-sample full Phase 2 eval
logs/phase2/eval_final_verify_v2_2026-05-18_17-57-17.json,phase2,final_verify_v2,2026-05-18_17-57-17,0.774000,0.842500,2000,phase2_10class,phase2,unknown,True,per-class labels match Phase 2 classes; 2000-sample full Phase 2 eval
logs/phase2/eval_final_verify_v3_2026-05-18_18-23-21.json,phase2,final_verify_v3,2026-05-18_18-23-21,0.780500,0.842500,2000,phase2_10class,phase2,unknown,True,per-class labels match Phase 2 classes; 2000-sample full Phase 2 eval
logs/phase2/eval_final_verify_v4_2026-05-18_18-41-01.json,phase2,final_verify_v4,2026-05-18_18-41-01,0.780500,0.842500,2000,phase2_10class,phase2,unknown,True,per-class labels match Phase 2 classes; 2000-sample full Phase 2 eval
logs/phase2/eval_force_06_2026-05-18_08-35-04.json,phase2,force_06,2026-05-18_08-35-04,0.682500,0.798500,2000,phase2_10class,phase2,unknown,True,per-class labels match Phase 2 classes; 2000-sample full Phase 2 eval
logs/phase2/eval_gabor_deploy_2026-05-14_11-51-42.json,phase2,gabor_deploy,2026-05-14_11-51-42,0.512000,0.754500,2000,phase2_10class,phase2,unknown,True,per-class labels match Phase 2 classes; 2000-sample full Phase 2 eval
logs/phase2/eval_gabor_no_mush_2026-05-14_11-56-35.json,phase2,gabor_no_mush,2026-05-14_11-56-35,0.512500,0.754500,2000,phase2_10class,phase2,unknown,True,per-class labels match Phase 2 classes; 2000-sample full Phase 2 eval
logs/phase2/eval_gabor_no_mush_no_bus_2026-05-14_12-01-42.json,phase2,gabor_no_mush_no_bus,2026-05-14_12-01-42,0.513000,0.754500,2000,phase2_10class,phase2,unknown,True,per-class labels match Phase 2 classes; 2000-sample full Phase 2 eval
logs/phase2/eval_gap_scale_12_2026-05-15_13-54-14.json,phase2,gap_scale_12,2026-05-15_13-54-14,0.533500,0.768500,2000,phase2_10class,phase2,unknown,True,per-class labels match Phase 2 classes; 2000-sample full Phase 2 eval
logs/phase2/eval_gap_scale_18_2026-05-15_13-59-19.json,phase2,gap_scale_18,2026-05-15_13-59-19,0.534500,0.768500,2000,phase2_10class,phase2,unknown,True,per-class labels match Phase 2 classes; 2000-sample full Phase 2 eval
logs/phase2/eval_gr_bear_only_2026-05-15_22-34-13.json,phase2,gr_bear_only,2026-05-15_22-34-13,0.551000,0.770000,2000,phase2_10class,phase2,unknown,True,per-class labels match Phase 2 classes; 2000-sample full Phase 2 eval
logs/phase2/eval_gr_bear_tight_2026-05-15_22-38-11.json,phase2,gr_bear_tight,2026-05-15_22-38-11,0.551000,0.770000,2000,phase2_10class,phase2,unknown,True,per-class labels match Phase 2 classes; 2000-sample full Phase 2 eval
logs/phase2/eval_gr_bear_wide020_2026-05-18_10-48-09.json,phase2,gr_bear_wide020,2026-05-18_10-48-09,0.689500,0.801000,2000,phase2_10class,phase2,unknown,True,per-class labels match Phase 2 classes; 2000-sample full Phase 2 eval
logs/phase2/eval_gr_boost_002_2026-05-15_17-22-00.json,phase2,gr_boost_002,2026-05-15_17-22-00,0.530000,0.762000,2000,phase2_10class,phase2,unknown,True,per-class labels match Phase 2 classes; 2000-sample full Phase 2 eval
logs/phase2/eval_gr_cal_001_2026-05-18_10-46-00.json,phase2,gr_cal_001,2026-05-18_10-46-00,0.677000,0.795500,2000,phase2_10class,phase2,unknown,True,per-class labels match Phase 2 classes; 2000-sample full Phase 2 eval
logs/phase2/eval_gr_gate_038_2026-05-16_02-13-44.json,phase2,gr_gate_038,2026-05-16_02-13-44,0.567000,0.770000,2000,phase2_10class,phase2,unknown,True,per-class labels match Phase 2 classes; 2000-sample full Phase 2 eval
logs/phase2/eval_gr_mush_disc_v2_2026-05-18_04-41-43.json,phase2,gr_mush_disc_v2,2026-05-18_04-41-43,0.678000,0.796000,2000,phase2_10class,phase2,unknown,True,per-class labels match Phase 2 classes; 2000-sample full Phase 2 eval
logs/phase2/eval_gr_mushroom_gabor_2026-05-15_04-22-10.json,phase2,gr_mushroom_gabor,2026-05-15_04-22-10,0.515500,0.761500,2000,phase2_10class,phase2,unknown,True,per-class labels match Phase 2 classes; 2000-sample full Phase 2 eval
logs/phase2/eval_gr_only_hue_2026-05-14_18-23-25.json,phase2,gr_only_hue,2026-05-14_18-23-25,0.514000,0.754500,2000,phase2_10class,phase2,unknown,True,per-class labels match Phase 2 classes; 2000-sample full Phase 2 eval
logs/phase2/eval_gr_or_000_2026-05-18_06-21-06.json,phase2,gr_or_000,2026-05-18_06-21-06,0.679000,0.795000,2000,phase2_10class,phase2,unknown,True,per-class labels match Phase 2 classes; 2000-sample full Phase 2 eval
logs/phase2/eval_gr_or_005_2026-05-18_06-23-04.json,phase2,gr_or_005,2026-05-18_06-23-04,0.678500,0.794500,2000,phase2_10class,phase2,unknown,True,per-class labels match Phase 2 classes; 2000-sample full Phase 2 eval
logs/phase2/eval_gr_orange_030_2026-05-18_11-53-38.json,phase2,gr_orange_030,2026-05-18_11-53-38,0.698000,0.809500,2000,phase2_10class,phase2,unknown,True,per-class labels match Phase 2 classes; 2000-sample full Phase 2 eval
logs/phase2/eval_gr_orange_hist_2026-05-18_05-45-24.json,phase2,gr_orange_hist,2026-05-18_05-45-24,0.678500,0.796000,2000,phase2_10class,phase2,unknown,True,per-class labels match Phase 2 classes; 2000-sample full Phase 2 eval
logs/phase2/eval_gr_sc_000_2026-05-18_07-00-31.json,phase2,gr_sc_000,2026-05-18_07-00-31,0.680000,0.796500,2000,phase2_10class,phase2,unknown,True,per-class labels match Phase 2 classes; 2000-sample full Phase 2 eval
logs/phase2/eval_gr_verify_2026-05-15_22-30-17.json,phase2,gr_verify,2026-05-15_22-30-17,0.545500,0.770000,2000,phase2_10class,phase2,unknown,True,per-class labels match Phase 2 classes; 2000-sample full Phase 2 eval
logs/phase2/eval_gr_warm_hue_sig_2026-05-15_07-06-28.json,phase2,gr_warm_hue_sig,2026-05-15_07-06-28,0.512000,0.760000,2000,phase2_10class,phase2,unknown,True,per-class labels match Phase 2 classes; 2000-sample full Phase 2 eval
logs/phase2/eval_hist_035_2026-05-15_22-50-39.json,phase2,hist_035,2026-05-15_22-50-39,0.550500,0.770000,2000,phase2_10class,phase2,unknown,True,per-class labels match Phase 2 classes; 2000-sample full Phase 2 eval
logs/phase2/eval_hist_085_2026-05-15_20-11-04.json,phase2,hist_085,2026-05-15_20-11-04,0.535000,0.763000,2000,phase2_10class,phase2,unknown,True,per-class labels match Phase 2 classes; 2000-sample full Phase 2 eval
logs/phase2/eval_hist_089_2026-05-18_11-49-21.json,phase2,hist_089,2026-05-18_11-49-21,0.687500,0.805000,2000,phase2_10class,phase2,unknown,True,per-class labels match Phase 2 classes; 2000-sample full Phase 2 eval
logs/phase2/eval_hu_glcm_deploy_2026-05-15_11-31-16.json,phase2,hu_glcm_deploy,2026-05-15_11-31-16,0.531500,0.769000,2000,phase2_10class,phase2,unknown,True,per-class labels match Phase 2 classes; 2000-sample full Phase 2 eval
logs/phase2/eval_hu_glcm_v2_2026-05-15_11-39-03.json,phase2,hu_glcm_v2,2026-05-15_11-39-03,0.533000,0.768500,2000,phase2_10class,phase2,unknown,True,per-class labels match Phase 2 classes; 2000-sample full Phase 2 eval
logs/phase2/eval_hu_glcm_v3_2026-05-15_11-47-54.json,phase2,hu_glcm_v3,2026-05-15_11-47-54,0.530500,0.768500,2000,phase2_10class,phase2,unknown,True,per-class labels match Phase 2 classes; 2000-sample full Phase 2 eval
logs/phase2/eval_hu_glcm_v4_2026-05-15_12-03-53.json,phase2,hu_glcm_v4,2026-05-15_12-03-53,0.532000,0.769000,2000,phase2_10class,phase2,unknown,True,per-class labels match Phase 2 classes; 2000-sample full Phase 2 eval
logs/phase2/eval_hu_nojelly_2026-05-15_11-56-38.json,phase2,hu_nojelly,2026-05-15_11-56-38,0.534500,0.768500,2000,phase2_10class,phase2,unknown,True,per-class labels match Phase 2 classes; 2000-sample full Phase 2 eval
logs/phase2/eval_iter10_bear_bus_2026-05-14_04-09-16.json,phase2,iter10_bear_bus,2026-05-14_04-09-16,0.505000,0.754500,2000,phase2_10class,phase2,unknown,True,per-class labels match Phase 2 classes; 2000-sample full Phase 2 eval
logs/phase2/eval_iter11_gr_mush_2026-05-14_04-13-40.json,phase2,iter11_gr_mush,2026-05-14_04-13-40,0.503500,0.754500,2000,phase2_10class,phase2,unknown,True,per-class labels match Phase 2 classes; 2000-sample full Phase 2 eval
logs/phase2/eval_iter11_val_baseline_2026-05-12_19-57-15.json,phase2,iter11_val_baseline,2026-05-12_19-57-15,0.447500,0.720000,2000,phase2_10class,phase2,val,True,per-class labels match Phase 2 classes; 2000-sample full Phase 2 eval
logs/phase2/eval_iter11a_new_discs_2026-05-12_20-03-43.json,phase2,iter11a_new_discs,2026-05-12_20-03-43,0.451500,0.720000,2000,phase2_10class,phase2,unknown,True,per-class labels match Phase 2 classes; 2000-sample full Phase 2 eval
logs/phase2/eval_iter11b_4discs_2026-05-12_20-08-03.json,phase2,iter11b_4discs,2026-05-12_20-08-03,0.452000,0.720000,2000,phase2_10class,phase2,unknown,True,per-class labels match Phase 2 classes; 2000-sample full Phase 2 eval
logs/phase2/eval_iter11c_3discs_2026-05-12_20-17-52.json,phase2,iter11c_3discs,2026-05-12_20-17-52,0.451500,0.720000,2000,phase2_10class,phase2,unknown,True,per-class labels match Phase 2 classes; 2000-sample full Phase 2 eval
logs/phase2/eval_iter11d_sig_changes_2026-05-12_20-30-44.json,phase2,iter11d_sig_changes,2026-05-12_20-30-44,0.455500,0.721500,2000,phase2_10class,phase2,unknown,True,per-class labels match Phase 2 classes; 2000-sample full Phase 2 eval
logs/phase2/eval_iter11e_banana_tighter_2026-05-12_20-44-57.json,phase2,iter11e_banana_tighter,2026-05-12_20-44-57,0.456000,0.722500,2000,phase2_10class,phase2,unknown,True,per-class labels match Phase 2 classes; 2000-sample full Phase 2 eval
logs/phase2/eval_iter11f_rerank3_2026-05-12_20-52-55.json,phase2,iter11f_rerank3,2026-05-12_20-52-55,0.464500,0.721500,2000,phase2_10class,phase2,unknown,True,per-class labels match Phase 2 classes; 2000-sample full Phase 2 eval
logs/phase2/eval_iter11g_rerank3_tight_2026-05-12_20-56-54.json,phase2,iter11g_rerank3_tight,2026-05-12_20-56-54,0.463000,0.721500,2000,phase2_10class,phase2,unknown,True,per-class labels match Phase 2 classes; 2000-sample full Phase 2 eval
logs/phase2/eval_iter11h_selective_rank3_2026-05-12_21-06-12.json,phase2,iter11h_selective_rank3,2026-05-12_21-06-12,0.467500,0.721500,2000,phase2_10class,phase2,unknown,True,per-class labels match Phase 2 classes; 2000-sample full Phase 2 eval
logs/phase2/eval_iter11h_verify_2026-05-12_22-18-42.json,phase2,iter11h_verify,2026-05-12_22-18-42,0.467500,0.721500,2000,phase2_10class,phase2,unknown,True,per-class labels match Phase 2 classes; 2000-sample full Phase 2 eval
logs/phase2/eval_iter11h_verify_2026-05-12_22-23-12.json,phase2,iter11h_verify,2026-05-12_22-23-12,0.467500,0.721500,2000,phase2_10class,phase2,unknown,True,per-class labels match Phase 2 classes; 2000-sample full Phase 2 eval
logs/phase2/eval_iter11h_verify_2026-05-12_22-27-55.json,phase2,iter11h_verify,2026-05-12_22-27-55,0.467500,0.721500,2000,phase2_10class,phase2,unknown,True,per-class labels match Phase 2 classes; 2000-sample full Phase 2 eval
logs/phase2/eval_iter11i_more_discs_2026-05-12_21-11-29.json,phase2,iter11i_more_discs,2026-05-12_21-11-29,0.463500,0.721500,2000,phase2_10class,phase2,unknown,True,per-class labels match Phase 2 classes; 2000-sample full Phase 2 eval
logs/phase2/eval_iter11j_rank3only_2026-05-12_21-15-28.json,phase2,iter11j_rank3only,2026-05-12_21-15-28,0.466500,0.721500,2000,phase2_10class,phase2,unknown,True,per-class labels match Phase 2 classes; 2000-sample full Phase 2 eval
logs/phase2/eval_iter11k_more_rank3only_2026-05-12_21-19-15.json,phase2,iter11k_more_rank3only,2026-05-12_21-19-15,0.466000,0.721500,2000,phase2_10class,phase2,unknown,True,per-class labels match Phase 2 classes; 2000-sample full Phase 2 eval
logs/phase2/eval_iter11l_cleaned_2026-05-12_21-23-06.json,phase2,iter11l_cleaned,2026-05-12_21-23-06,0.466500,0.721500,2000,phase2_10class,phase2,unknown,True,per-class labels match Phase 2 classes; 2000-sample full Phase 2 eval
logs/phase2/eval_iter11m_back_to_h_2026-05-12_21-28-54.json,phase2,iter11m_back_to_h,2026-05-12_21-28-54,0.467500,0.721500,2000,phase2_10class,phase2,unknown,True,per-class labels match Phase 2 classes; 2000-sample full Phase 2 eval
logs/phase2/eval_iter11m_back_to_h_2026-05-12_21-35-04.json,phase2,iter11m_back_to_h,2026-05-12_21-35-04,0.467500,0.721500,2000,phase2_10class,phase2,unknown,True,per-class labels match Phase 2 classes; 2000-sample full Phase 2 eval
logs/phase2/eval_iter11n_orange_hue_red_2026-05-12_21-42-58.json,phase2,iter11n_orange_hue_red,2026-05-12_21-42-58,0.465500,0.720000,2000,phase2_10class,phase2,unknown,True,per-class labels match Phase 2 classes; 2000-sample full Phase 2 eval
logs/phase2/eval_iter11o_bear_gr_rank3_2026-05-12_21-47-52.json,phase2,iter11o_bear_gr_rank3,2026-05-12_21-47-52,0.466500,0.721500,2000,phase2_10class,phase2,unknown,True,per-class labels match Phase 2 classes; 2000-sample full Phase 2 eval
logs/phase2/eval_iter11p_gr_boost_2026-05-12_22-00-30.json,phase2,iter11p_gr_boost,2026-05-12_22-00-30,0.468000,0.724000,2000,phase2_10class,phase2,unknown,True,per-class labels match Phase 2 classes; 2000-sample full Phase 2 eval
logs/phase2/eval_iter11q_hist_2026-05-12_22-11-44.json,phase2,iter11q_hist,2026-05-12_22-11-44,0.464000,0.723000,2000,phase2_10class,phase2,unknown,True,per-class labels match Phase 2 classes; 2000-sample full Phase 2 eval
logs/phase2/eval_iter12_bear_kp_2026-05-14_04-18-21.json,phase2,iter12_bear_kp,2026-05-14_04-18-21,0.501500,0.754500,2000,phase2_10class,phase2,unknown,True,per-class labels match Phase 2 classes; 2000-sample full Phase 2 eval
logs/phase2/eval_iter12a_2026-05-12_23-01-41.json,phase2,iter12a,2026-05-12_23-01-41,0.466500,0.714000,2000,phase2_10class,phase2,unknown,True,per-class labels match Phase 2 classes; 2000-sample full Phase 2 eval
logs/phase2/eval_iter12a_2026-05-12_23-06-12.json,phase2,iter12a,2026-05-12_23-06-12,0.466500,0.714000,2000,phase2_10class,phase2,unknown,True,per-class labels match Phase 2 classes; 2000-sample full Phase 2 eval
logs/phase2/eval_iter12b_2026-05-12_23-11-08.json,phase2,iter12b,2026-05-12_23-11-08,0.466500,0.721500,2000,phase2_10class,phase2,unknown,True,per-class labels match Phase 2 classes; 2000-sample full Phase 2 eval
logs/phase2/eval_iter12c_2026-05-12_23-15-59.json,phase2,iter12c,2026-05-12_23-15-59,0.468500,0.721500,2000,phase2_10class,phase2,unknown,True,per-class labels match Phase 2 classes; 2000-sample full Phase 2 eval
logs/phase2/eval_iter12c_verify_2026-05-12_23-42-07.json,phase2,iter12c_verify,2026-05-12_23-42-07,0.468500,0.721500,2000,phase2_10class,phase2,unknown,True,per-class labels match Phase 2 classes; 2000-sample full Phase 2 eval
logs/phase2/eval_iter12d_2026-05-12_23-21-54.json,phase2,iter12d,2026-05-12_23-21-54,0.467000,0.721500,2000,phase2_10class,phase2,unknown,True,per-class labels match Phase 2 classes; 2000-sample full Phase 2 eval
logs/phase2/eval_iter12e_2026-05-12_23-29-59.json,phase2,iter12e,2026-05-12_23-29-59,0.465500,0.723000,2000,phase2_10class,phase2,unknown,True,per-class labels match Phase 2 classes; 2000-sample full Phase 2 eval
logs/phase2/eval_iter12f_2026-05-12_23-48-09.json,phase2,iter12f,2026-05-12_23-48-09,0.472500,0.729000,2000,phase2_10class,phase2,unknown,True,per-class labels match Phase 2 classes; 2000-sample full Phase 2 eval
logs/phase2/eval_iter12g_2026-05-12_23-56-25.json,phase2,iter12g,2026-05-12_23-56-25,0.473500,0.731000,2000,phase2_10class,phase2,unknown,True,per-class labels match Phase 2 classes; 2000-sample full Phase 2 eval
logs/phase2/eval_iter12g_no_r3_2026-05-13_00-27-29.json,phase2,iter12g_no_r3,2026-05-13_00-27-29,0.464500,0.731000,2000,phase2_10class,phase2,unknown,True,per-class labels match Phase 2 classes; 2000-sample full Phase 2 eval
logs/phase2/eval_iter12h_2026-05-13_00-36-15.json,phase2,iter12h,2026-05-13_00-36-15,0.472500,0.729000,2000,phase2_10class,phase2,unknown,True,per-class labels match Phase 2 classes; 2000-sample full Phase 2 eval
logs/phase2/eval_iter12h_2026-05-13_00-41-52.json,phase2,iter12h,2026-05-13_00-41-52,0.472500,0.729000,2000,phase2_10class,phase2,unknown,True,per-class labels match Phase 2 classes; 2000-sample full Phase 2 eval
logs/phase2/eval_iter12h_verify_2026-05-13_00-59-07.json,phase2,iter12h_verify,2026-05-13_00-59-07,0.472500,0.729000,2000,phase2_10class,phase2,unknown,True,per-class labels match Phase 2 classes; 2000-sample full Phase 2 eval
logs/phase2/eval_iter12i_2026-05-13_00-49-30.json,phase2,iter12i,2026-05-13_00-49-30,0.471500,0.729500,2000,phase2_10class,phase2,unknown,True,per-class labels match Phase 2 classes; 2000-sample full Phase 2 eval
logs/phase2/eval_iter13_lower_teapot_bases_2026-05-14_04-26-11.json,phase2,iter13_lower_teapot_bases,2026-05-14_04-26-11,0.503000,0.754500,2000,phase2_10class,phase2,unknown,True,per-class labels match Phase 2 classes; 2000-sample full Phase 2 eval
logs/phase2/eval_iter13a_local_verify_2026-05-13_01-08-23.json,phase2,iter13a_local_verify,2026-05-13_01-08-23,0.455000,0.729000,2000,phase2_10class,phase2,unknown,True,per-class labels match Phase 2 classes; 2000-sample full Phase 2 eval
logs/phase2/eval_iter13b_banana_orange_only_2026-05-13_01-15-05.json,phase2,iter13b_banana_orange_only,2026-05-13_01-15-05,0.467000,0.729000,2000,phase2_10class,phase2,unknown,True,per-class labels match Phase 2 classes; 2000-sample full Phase 2 eval
logs/phase2/eval_iter13c_orange_frac_disc_2026-05-13_01-21-34.json,phase2,iter13c_orange_frac_disc,2026-05-13_01-21-34,0.473000,0.729000,2000,phase2_10class,phase2,unknown,True,per-class labels match Phase 2 classes; 2000-sample full Phase 2 eval
logs/phase2/eval_iter13d_tighter_thresholds_2026-05-13_01-28-28.json,phase2,iter13d_tighter_thresholds,2026-05-13_01-28-28,0.473000,0.729000,2000,phase2_10class,phase2,unknown,True,per-class labels match Phase 2 classes; 2000-sample full Phase 2 eval
logs/phase2/eval_iter13e_teapot_mid_wider_2026-05-13_01-45-07.json,phase2,iter13e_teapot_mid_wider,2026-05-13_01-45-07,0.468500,0.732000,2000,phase2_10class,phase2,unknown,True,per-class labels match Phase 2 classes; 2000-sample full Phase 2 eval
logs/phase2/eval_iter14_final_2026-05-13_04-35-28.json,phase2,iter14_final,2026-05-13_04-35-28,0.482000,0.729000,2000,phase2_10class,phase2,unknown,True,per-class labels match Phase 2 classes; 2000-sample full Phase 2 eval
logs/phase2/eval_iter14a_hist_protos_2026-05-13_03-16-01.json,phase2,iter14a_hist_protos,2026-05-13_03-16-01,0.474000,0.729500,2000,phase2_10class,phase2,unknown,True,per-class labels match Phase 2 classes; 2000-sample full Phase 2 eval
logs/phase2/eval_iter14b_hist_ratios_2026-05-13_03-21-55.json,phase2,iter14b_hist_ratios,2026-05-13_03-21-55,0.482000,0.729000,2000,phase2_10class,phase2,unknown,True,per-class labels match Phase 2 classes; 2000-sample full Phase 2 eval
logs/phase2/eval_iter14b_verify_2026-05-13_03-53-45.json,phase2,iter14b_verify,2026-05-13_03-53-45,0.482000,0.729000,2000,phase2_10class,phase2,unknown,True,per-class labels match Phase 2 classes; 2000-sample full Phase 2 eval
logs/phase2/eval_iter14c_no_teapot_kp_2026-05-13_03-26-36.json,phase2,iter14c_no_teapot_kp,2026-05-13_03-26-36,0.477500,0.729000,2000,phase2_10class,phase2,unknown,True,per-class labels match Phase 2 classes; 2000-sample full Phase 2 eval
logs/phase2/eval_iter14d_bus_guards_2026-05-13_03-32-49.json,phase2,iter14d_bus_guards,2026-05-13_03-32-49,0.476500,0.731500,2000,phase2_10class,phase2,unknown,True,per-class labels match Phase 2 classes; 2000-sample full Phase 2 eval
logs/phase2/eval_iter14e_bus_light_guard_2026-05-13_03-36-44.json,phase2,iter14e_bus_light_guard,2026-05-13_03-36-44,0.480500,0.737000,2000,phase2_10class,phase2,unknown,True,per-class labels match Phase 2 classes; 2000-sample full Phase 2 eval
logs/phase2/eval_iter14f_zscore_2026-05-13_03-42-02.json,phase2,iter14f_zscore,2026-05-13_03-42-02,0.436000,0.733000,2000,phase2_10class,phase2,unknown,True,per-class labels match Phase 2 classes; 2000-sample full Phase 2 eval
logs/phase2/eval_iter14g_mean_sub_2026-05-13_03-46-04.json,phase2,iter14g_mean_sub,2026-05-13_03-46-04,0.468500,0.734500,2000,phase2_10class,phase2,unknown,True,per-class labels match Phase 2 classes; 2000-sample full Phase 2 eval
logs/phase2/eval_iter14h_partial_norm_2026-05-13_03-49-52.json,phase2,iter14h_partial_norm,2026-05-13_03-49-52,0.480000,0.746000,2000,phase2_10class,phase2,unknown,True,per-class labels match Phase 2 classes; 2000-sample full Phase 2 eval
logs/phase2/eval_iter14i_better_orange_2026-05-13_03-58-26.json,phase2,iter14i_better_orange,2026-05-13_03-58-26,0.481500,0.729000,2000,phase2_10class,phase2,unknown,True,per-class labels match Phase 2 classes; 2000-sample full Phase 2 eval
logs/phase2/eval_iter14j_no_teapot_banana_r3_2026-05-13_04-02-44.json,phase2,iter14j_no_teapot_banana_r3,2026-05-13_04-02-44,0.482000,0.729000,2000,phase2_10class,phase2,unknown,True,per-class labels match Phase 2 classes; 2000-sample full Phase 2 eval
logs/phase2/eval_iter14k_teapot_hist_2026-05-13_04-08-53.json,phase2,iter14k_teapot_hist,2026-05-13_04-08-53,0.482000,0.724500,2000,phase2_10class,phase2,unknown,True,per-class labels match Phase 2 classes; 2000-sample full Phase 2 eval
logs/phase2/eval_iter14k_verify_2026-05-13_04-12-57.json,phase2,iter14k_verify,2026-05-13_04-12-57,0.482000,0.729000,2000,phase2_10class,phase2,unknown,True,per-class labels match Phase 2 classes; 2000-sample full Phase 2 eval
logs/phase2/eval_iter14l_new_discs_2026-05-13_04-17-34.json,phase2,iter14l_new_discs,2026-05-13_04-17-34,0.472000,0.729000,2000,phase2_10class,phase2,unknown,True,per-class labels match Phase 2 classes; 2000-sample full Phase 2 eval
logs/phase2/eval_iter14m_verify_2026-05-13_04-21-29.json,phase2,iter14m_verify,2026-05-13_04-21-29,0.482000,0.729000,2000,phase2_10class,phase2,unknown,True,per-class labels match Phase 2 classes; 2000-sample full Phase 2 eval
logs/phase2/eval_iter14n_wider_r3_2026-05-13_04-27-24.json,phase2,iter14n_wider_r3,2026-05-13_04-27-24,0.481000,0.729000,2000,phase2_10class,phase2,unknown,True,per-class labels match Phase 2 classes; 2000-sample full Phase 2 eval
logs/phase2/eval_iter14o_wider_r2_2026-05-13_04-31-17.json,phase2,iter14o_wider_r2,2026-05-13_04-31-17,0.482000,0.729000,2000,phase2_10class,phase2,unknown,True,per-class labels match Phase 2 classes; 2000-sample full Phase 2 eval
logs/phase2/eval_iter15_baseline_2026-05-13_04-40-58.json,phase2,iter15_baseline,2026-05-13_04-40-58,0.482000,0.729000,2000,phase2_10class,phase2,unknown,True,per-class labels match Phase 2 classes; 2000-sample full Phase 2 eval
logs/phase2/eval_iter15_final_2026-05-13_07-46-40.json,phase2,iter15_final,2026-05-13_07-46-40,0.501500,0.742000,2000,phase2_10class,phase2,unknown,True,per-class labels match Phase 2 classes; 2000-sample full Phase 2 eval
logs/phase2/eval_iter15_gapaware_2026-05-13_05-08-02.json,phase2,iter15_gapaware,2026-05-13_05-08-02,0.490500,0.729000,2000,phase2_10class,phase2,unknown,True,per-class labels match Phase 2 classes; 2000-sample full Phase 2 eval
logs/phase2/eval_iter15b_perpair_2026-05-13_05-43-14.json,phase2,iter15b_perpair,2026-05-13_05-43-14,0.492500,0.729000,2000,phase2_10class,phase2,unknown,True,per-class labels match Phase 2 classes; 2000-sample full Phase 2 eval
logs/phase2/eval_iter15c_gr_guard_2026-05-13_05-51-30.json,phase2,iter15c_gr_guard,2026-05-13_05-51-30,0.495000,0.734000,2000,phase2_10class,phase2,unknown,True,per-class labels match Phase 2 classes; 2000-sample full Phase 2 eval
logs/phase2/eval_iter15d_banana_guard_2026-05-13_06-07-25.json,phase2,iter15d_banana_guard,2026-05-13_06-07-25,0.492500,0.732000,2000,phase2_10class,phase2,unknown,True,per-class labels match Phase 2 classes; 2000-sample full Phase 2 eval
logs/phase2/eval_iter15e_bus_guard_2026-05-13_06-25-23.json,phase2,iter15e_bus_guard,2026-05-13_06-25-23,0.494000,0.743500,2000,phase2_10class,phase2,unknown,True,per-class labels match Phase 2 classes; 2000-sample full Phase 2 eval
logs/phase2/eval_iter15f_bus_guard2_2026-05-13_06-28-59.json,phase2,iter15f_bus_guard2,2026-05-13_06-28-59,0.493000,0.745000,2000,phase2_10class,phase2,unknown,True,per-class labels match Phase 2 classes; 2000-sample full Phase 2 eval
logs/phase2/eval_iter15g_new_discs_2026-05-13_06-38-46.json,phase2,iter15g_new_discs,2026-05-13_06-38-46,0.490500,0.734000,2000,phase2_10class,phase2,unknown,True,per-class labels match Phase 2 classes; 2000-sample full Phase 2 eval
logs/phase2/eval_iter15h_gr_bus_only_2026-05-13_06-46-11.json,phase2,iter15h_gr_bus_only,2026-05-13_06-46-11,0.495000,0.734000,2000,phase2_10class,phase2,unknown,True,per-class labels match Phase 2 classes; 2000-sample full Phase 2 eval
logs/phase2/eval_iter15i_orange_boost_2026-05-13_07-01-40.json,phase2,iter15i_orange_boost,2026-05-13_07-01-40,0.494500,0.733500,2000,phase2_10class,phase2,unknown,True,per-class labels match Phase 2 classes; 2000-sample full Phase 2 eval
logs/phase2/eval_iter15j_hist_blend_2026-05-13_07-38-23.json,phase2,iter15j_hist_blend,2026-05-13_07-38-23,0.501500,0.742000,2000,phase2_10class,phase2,unknown,True,per-class labels match Phase 2 classes; 2000-sample full Phase 2 eval
logs/phase2/eval_iter15j_hist_blend_train_2026-05-13_07-41-56.json,phase2,iter15j_hist_blend_train,2026-05-13_07-41-56,0.475000,0.748500,2000,phase2_10class,phase2,train,True,per-class labels match Phase 2 classes; 2000-sample full Phase 2 eval
logs/phase2/eval_iter16_train_baseline_2026-05-13_09-35-35.json,phase2,iter16_train_baseline,2026-05-13_09-35-35,0.475000,0.748500,2000,phase2_10class,phase2,train,True,per-class labels match Phase 2 classes; 2000-sample full Phase 2 eval
logs/phase2/eval_iter16a_new_discs_2026-05-13_09-47-27.json,phase2,iter16a_new_discs,2026-05-13_09-47-27,0.482500,0.748500,2000,phase2_10class,phase2,unknown,True,per-class labels match Phase 2 classes; 2000-sample full Phase 2 eval
logs/phase2/eval_iter16b_tuned_bases_2026-05-13_09-52-33.json,phase2,iter16b_tuned_bases,2026-05-13_09-52-33,0.484000,0.748500,2000,phase2_10class,phase2,unknown,True,per-class labels match Phase 2 classes; 2000-sample full Phase 2 eval
logs/phase2/eval_iter16c_fix_bear_2026-05-13_09-59-18.json,phase2,iter16c_fix_bear,2026-05-13_09-59-18,0.485500,0.748500,2000,phase2_10class,phase2,unknown,True,per-class labels match Phase 2 classes; 2000-sample full Phase 2 eval
logs/phase2/eval_iter16d_no_bear_kp_rank3_2026-05-13_10-02-50.json,phase2,iter16d_no_bear_kp_rank3,2026-05-13_10-02-50,0.483500,0.748500,2000,phase2_10class,phase2,unknown,True,per-class labels match Phase 2 classes; 2000-sample full Phase 2 eval
logs/phase2/eval_iter16e_verify_2026-05-13_10-12-58.json,phase2,iter16e_verify,2026-05-13_10-12-58,0.485500,0.748500,2000,phase2_10class,phase2,unknown,True,per-class labels match Phase 2 classes; 2000-sample full Phase 2 eval
logs/phase2/eval_iter16f_norm_hist_2026-05-13_10-21-53.json,phase2,iter16f_norm_hist,2026-05-13_10-21-53,0.486000,0.764000,2000,phase2_10class,phase2,unknown,True,per-class labels match Phase 2 classes; 2000-sample full Phase 2 eval
logs/phase2/eval_iter16g_half_norm_2026-05-13_10-25-48.json,phase2,iter16g_half_norm,2026-05-13_10-25-48,0.486000,0.756000,2000,phase2_10class,phase2,unknown,True,per-class labels match Phase 2 classes; 2000-sample full Phase 2 eval
logs/phase2/eval_iter16h_30pct_norm_2026-05-13_10-29-29.json,phase2,iter16h_30pct_norm,2026-05-13_10-29-29,0.487500,0.754500,2000,phase2_10class,phase2,unknown,True,per-class labels match Phase 2 classes; 2000-sample full Phase 2 eval
logs/phase2/eval_iter16i_25pct_norm_2026-05-13_10-33-23.json,phase2,iter16i_25pct_norm,2026-05-13_10-33-23,0.487500,0.754000,2000,phase2_10class,phase2,unknown,True,per-class labels match Phase 2 classes; 2000-sample full Phase 2 eval
logs/phase2/eval_iter1_teapot_kp_2026-05-14_03-30-16.json,phase2,iter1_teapot_kp,2026-05-14_03-30-16,0.491000,0.756500,2000,phase2_10class,phase2,unknown,True,per-class labels match Phase 2 classes; 2000-sample full Phase 2 eval
logs/phase2/eval_iter2_teapot_kp_v2_2026-05-14_03-34-00.json,phase2,iter2_teapot_kp_v2,2026-05-14_03-34-00,0.492500,0.756500,2000,phase2_10class,phase2,unknown,True,per-class labels match Phase 2 classes; 2000-sample full Phase 2 eval
logs/phase2/eval_iter3_banana_orange_2026-05-14_03-37-59.json,phase2,iter3_banana_orange,2026-05-14_03-37-59,0.500000,0.756500,2000,phase2_10class,phase2,unknown,True,per-class labels match Phase 2 classes; 2000-sample full Phase 2 eval
logs/phase2/eval_iter4_sports_bus_2026-05-14_03-42-11.json,phase2,iter4_sports_bus,2026-05-14_03-42-11,0.500500,0.756500,2000,phase2_10class,phase2,unknown,True,per-class labels match Phase 2 classes; 2000-sample full Phase 2 eval
logs/phase2/eval_iter5_bias_2026-05-14_03-46-26.json,phase2,iter5_bias,2026-05-14_03-46-26,0.497500,0.760000,2000,phase2_10class,phase2,unknown,True,per-class labels match Phase 2 classes; 2000-sample full Phase 2 eval
logs/phase2/eval_iter6_bias_v2_2026-05-14_03-50-00.json,phase2,iter6_bias_v2,2026-05-14_03-50-00,0.496000,0.759500,2000,phase2_10class,phase2,unknown,True,per-class labels match Phase 2 classes; 2000-sample full Phase 2 eval
logs/phase2/eval_iter7_teapot_only_bias_2026-05-14_03-53-30.json,phase2,iter7_teapot_only_bias,2026-05-14_03-53-30,0.494000,0.757000,2000,phase2_10class,phase2,unknown,True,per-class labels match Phase 2 classes; 2000-sample full Phase 2 eval
logs/phase2/eval_iter8_mush_banana_2026-05-14_03-57-32.json,phase2,iter8_mush_banana,2026-05-14_03-57-32,0.499500,0.754500,2000,phase2_10class,phase2,unknown,True,per-class labels match Phase 2 classes; 2000-sample full Phase 2 eval
logs/phase2/eval_iter9_teapot_banana_2026-05-14_04-01-23.json,phase2,iter9_teapot_banana,2026-05-14_04-01-23,0.500500,0.754500,2000,phase2_10class,phase2,unknown,True,per-class labels match Phase 2 classes; 2000-sample full Phase 2 eval
logs/phase2/eval_jelly_teapot_disc_2026-05-15_08-01-04.json,phase2,jelly_teapot_disc,2026-05-15_08-01-04,0.521500,0.764500,2000,phase2_10class,phase2,unknown,True,per-class labels match Phase 2 classes; 2000-sample full Phase 2 eval
logs/phase2/eval_jf_kp_005_2026-05-18_07-16-25.json,phase2,jf_kp_005,2026-05-18_07-16-25,0.680000,0.796500,2000,phase2_10class,phase2,unknown,True,per-class labels match Phase 2 classes; 2000-sample full Phase 2 eval
logs/phase2/eval_knn_blend_035_2026-05-14_02-09-41.json,phase2,knn_blend_035,2026-05-14_02-09-41,0.906500,1.000000,2000,phase2_10class,phase2,unknown,True,per-class labels match Phase 2 classes; 2000-sample full Phase 2 eval
logs/phase2/eval_kp_mid_wider_guard_2026-05-18_05-48-14.json,phase2,kp_mid_wider_guard,2026-05-18_05-48-14,0.650500,0.782000,2000,phase2_10class,phase2,unknown,True,per-class labels match Phase 2 classes; 2000-sample full Phase 2 eval
logs/phase2/eval_kp_sc_005_2026-05-18_07-12-09.json,phase2,kp_sc_005,2026-05-18_07-12-09,0.680500,0.796500,2000,phase2_10class,phase2,unknown,True,per-class labels match Phase 2 classes; 2000-sample full Phase 2 eval
logs/phase2/eval_kp_sig_v1_2026-05-18_13-15-14.json,phase2,kp_sig_v1,2026-05-18_13-15-14,0.689500,0.808500,2000,phase2_10class,phase2,unknown,True,per-class labels match Phase 2 classes; 2000-sample full Phase 2 eval
logs/phase2/eval_kp_sports_verify_2026-05-15_23-40-59.json,phase2,kp_sports_verify,2026-05-15_23-40-59,0.557000,0.770000,2000,phase2_10class,phase2,unknown,True,per-class labels match Phase 2 classes; 2000-sample full Phase 2 eval
logs/phase2/eval_kp_tea_005_2026-05-18_07-10-05.json,phase2,kp_tea_005,2026-05-18_07-10-05,0.681000,0.796500,2000,phase2_10class,phase2,unknown,True,per-class labels match Phase 2 classes; 2000-sample full Phase 2 eval
logs/phase2/eval_kp_tea_005_2026-05-18_08-16-27.json,phase2,kp_tea_005,2026-05-18_08-16-27,0.685500,0.797500,2000,phase2_10class,phase2,unknown,True,per-class labels match Phase 2 classes; 2000-sample full Phase 2 eval
logs/phase2/eval_kp_teapot_verify_2026-05-15_23-58-27.json,phase2,kp_teapot_verify,2026-05-15_23-58-27,0.563500,0.770000,2000,phase2_10class,phase2,unknown,True,per-class labels match Phase 2 classes; 2000-sample full Phase 2 eval
logs/phase2/eval_lab_banana_gr_2026-05-15_10-03-09.json,phase2,lab_banana_gr,2026-05-15_10-03-09,0.526000,0.763500,2000,phase2_10class,phase2,unknown,True,per-class labels match Phase 2 classes; 2000-sample full Phase 2 eval
logs/phase2/eval_lab_bear_gr_2026-05-15_10-10-03.json,phase2,lab_bear_gr,2026-05-15_10-10-03,0.528000,0.763500,2000,phase2_10class,phase2,unknown,True,per-class labels match Phase 2 classes; 2000-sample full Phase 2 eval
logs/phase2/eval_lab_color_moments_v1_2026-05-15_09-44-22.json,phase2,lab_color_moments_v1,2026-05-15_09-44-22,0.525500,0.764500,2000,phase2_10class,phase2,unknown,True,per-class labels match Phase 2 classes; 2000-sample full Phase 2 eval
logs/phase2/eval_lab_v1_verify_2026-05-15_09-57-10.json,phase2,lab_v1_verify,2026-05-15_09-57-10,0.525500,0.764500,2000,phase2_10class,phase2,unknown,True,per-class labels match Phase 2 classes; 2000-sample full Phase 2 eval
logs/phase2/eval_lab_v2_full_2026-05-15_09-50-35.json,phase2,lab_v2_full,2026-05-15_09-50-35,0.520500,0.764000,2000,phase2_10class,phase2,unknown,True,per-class labels match Phase 2 classes; 2000-sample full Phase 2 eval
logs/phase2/eval_lab_v3_selective_2026-05-15_10-20-12.json,phase2,lab_v3_selective,2026-05-15_10-20-12,0.528000,0.763000,2000,phase2_10class,phase2,unknown,True,per-class labels match Phase 2 classes; 2000-sample full Phase 2 eval
logs/phase2/eval_lab_v4_clean_2026-05-15_10-31-42.json,phase2,lab_v4_clean,2026-05-15_10-31-42,0.528000,0.763500,2000,phase2_10class,phase2,unknown,True,per-class labels match Phase 2 classes; 2000-sample full Phase 2 eval
logs/phase2/eval_lab_v4_clean_2026-05-15_10-39-04.json,phase2,lab_v4_clean,2026-05-15_10-39-04,0.528000,0.763500,2000,phase2_10class,phase2,unknown,True,per-class labels match Phase 2 classes; 2000-sample full Phase 2 eval
logs/phase2/eval_local_verify_v2_2026-05-15_18-58-24.json,phase2,local_verify_v2,2026-05-15_18-58-24,0.541500,0.768500,2000,phase2_10class,phase2,unknown,True,per-class labels match Phase 2 classes; 2000-sample full Phase 2 eval
logs/phase2/eval_local_verify_v3_2026-05-15_19-03-20.json,phase2,local_verify_v3,2026-05-15_19-03-20,0.542500,0.768500,2000,phase2_10class,phase2,unknown,True,per-class labels match Phase 2 classes; 2000-sample full Phase 2 eval
logs/phase2/eval_local_verify_v4_2026-05-15_19-09-24.json,phase2,local_verify_v4,2026-05-15_19-09-24,0.542500,0.768500,2000,phase2_10class,phase2,unknown,True,per-class labels match Phase 2 classes; 2000-sample full Phase 2 eval
logs/phase2/eval_local_verify_v5_2026-05-15_19-48-21.json,phase2,local_verify_v5,2026-05-15_19-48-21,0.543000,0.768500,2000,phase2_10class,phase2,unknown,True,per-class labels match Phase 2 classes; 2000-sample full Phase 2 eval
logs/phase2/eval_local_verify_v6_2026-05-15_19-53-13.json,phase2,local_verify_v6,2026-05-15_19-53-13,0.543500,0.768500,2000,phase2_10class,phase2,unknown,True,per-class labels match Phase 2 classes; 2000-sample full Phase 2 eval
logs/phase2/eval_local_verify_v7_2026-05-15_19-57-35.json,phase2,local_verify_v7,2026-05-15_19-57-35,0.543000,0.768500,2000,phase2_10class,phase2,unknown,True,per-class labels match Phase 2 classes; 2000-sample full Phase 2 eval
logs/phase2/eval_loop_baseline_2026-05-19_22-09-10.json,phase2,loop_baseline,2026-05-19_22-09-10,0.494000,0.737000,2000,phase2_10class,phase2,unknown,True,per-class labels match Phase 2 classes; 2000-sample full Phase 2 eval
logs/phase2/eval_loop_final_verify_v1_2026-05-19_22-31-24.json,phase2,loop_final_verify_v1,2026-05-19_22-31-24,0.709500,0.813500,2000,phase2_10class,phase2,unknown,True,per-class labels match Phase 2 classes; 2000-sample full Phase 2 eval
logs/phase2/eval_loop_final_verify_v1_2026-05-19_22-34-38.json,phase2,loop_final_verify_v1,2026-05-19_22-34-38,0.709500,0.813500,2000,phase2_10class,phase2,unknown,True,per-class labels match Phase 2 classes; 2000-sample full Phase 2 eval
logs/phase2/eval_loop_final_verify_v1b_2026-05-19_22-37-39.json,phase2,loop_final_verify_v1b,2026-05-19_22-37-39,0.709500,0.813500,2000,phase2_10class,phase2,unknown,True,per-class labels match Phase 2 classes; 2000-sample full Phase 2 eval
logs/phase2/eval_loop_train_baseline_2026-05-19_22-22-08.json,phase2,loop_train_baseline,2026-05-19_22-22-08,0.700000,0.810500,2000,phase2_10class,phase2,train,True,per-class labels match Phase 2 classes; 2000-sample full Phase 2 eval
logs/phase2/eval_loop_wave2_2026-05-19_23-06-26.json,phase2,loop_wave2,2026-05-19_23-06-26,0.813000,0.856500,2000,phase2_10class,phase2,unknown,True,per-class labels match Phase 2 classes; 2000-sample full Phase 2 eval
logs/phase2/eval_loop_wave3_2026-05-19_23-17-08.json,phase2,loop_wave3,2026-05-19_23-17-08,0.838000,0.868000,2000,phase2_10class,phase2,unknown,True,per-class labels match Phase 2 classes; 2000-sample full Phase 2 eval
logs/phase2/eval_loop_wave4_2026-05-19_23-23-23.json,phase2,loop_wave4,2026-05-19_23-23-23,0.840000,0.869500,2000,phase2_10class,phase2,unknown,True,per-class labels match Phase 2 classes; 2000-sample full Phase 2 eval
logs/phase2/eval_loop_wave4_val_2026-05-19_23-25-34.json,phase2,loop_wave4_val,2026-05-19_23-25-34,0.505500,0.741500,2000,phase2_10class,phase2,val,True,per-class labels match Phase 2 classes; 2000-sample full Phase 2 eval
logs/phase2/eval_margin12_030_2026-05-15_20-55-17.json,phase2,margin12_030,2026-05-15_20-55-17,0.546500,0.768500,2000,phase2_10class,phase2,unknown,True,per-class labels match Phase 2 classes; 2000-sample full Phase 2 eval
logs/phase2/eval_margin12_035_2026-05-15_21-36-07.json,phase2,margin12_035,2026-05-15_21-36-07,0.550500,0.770000,2000,phase2_10class,phase2,unknown,True,per-class labels match Phase 2 classes; 2000-sample full Phase 2 eval
logs/phase2/eval_margin_020_2026-05-15_20-02-10.json,phase2,margin_020,2026-05-15_20-02-10,0.543000,0.768500,2000,phase2_10class,phase2,unknown,True,per-class labels match Phase 2 classes; 2000-sample full Phase 2 eval
logs/phase2/eval_mid_wider_discrim_2026-05-14_11-39-38.json,phase2,mid_wider_discrim,2026-05-14_11-39-38,0.509000,0.754500,2000,phase2_10class,phase2,unknown,True,per-class labels match Phase 2 classes; 2000-sample full Phase 2 eval
logs/phase2/eval_minscore_020_2026-05-15_22-46-20.json,phase2,minscore_020,2026-05-15_22-46-20,0.550500,0.770500,2000,phase2_10class,phase2,unknown,True,per-class labels match Phase 2 classes; 2000-sample full Phase 2 eval
logs/phase2/eval_monitor_train_2026-05-16_18-35-19.json,phase2,monitor_train,2026-05-16_18-35-19,0.553500,0.746500,2000,phase2_10class,phase2,train,True,per-class labels match Phase 2 classes; 2000-sample full Phase 2 eval
logs/phase2/eval_monitor_train_s16_2026-05-16_21-16-57.json,phase2,monitor_train_s16,2026-05-16_21-16-57,0.583500,0.770000,2000,phase2_10class,phase2,train,True,per-class labels match Phase 2 classes; 2000-sample full Phase 2 eval
logs/phase2/eval_monitor_train_s16_2026-05-17_02-25-12.json,phase2,monitor_train_s16,2026-05-17_02-25-12,0.583500,0.770000,2000,phase2_10class,phase2,train,True,per-class labels match Phase 2 classes; 2000-sample full Phase 2 eval
logs/phase2/eval_monitor_val_2026-05-16_18-43-53.json,phase2,monitor_val,2026-05-16_18-43-53,0.529000,0.757000,2000,phase2_10class,phase2,val,True,per-class labels match Phase 2 classes; 2000-sample full Phase 2 eval
logs/phase2/eval_monitor_val_s16_2026-05-17_02-22-50.json,phase2,monitor_val_s16,2026-05-17_02-22-50,0.529000,0.756500,2000,phase2_10class,phase2,val,True,per-class labels match Phase 2 classes; 2000-sample full Phase 2 eval
logs/phase2/eval_monitor_val_s16_2026-05-17_02-26-23.json,phase2,monitor_val_s16,2026-05-17_02-26-23,0.529000,0.756500,2000,phase2_10class,phase2,val,True,per-class labels match Phase 2 classes; 2000-sample full Phase 2 eval
logs/phase2/eval_mush_bear_cbr_verify_2026-05-18_06-33-04.json,phase2,mush_bear_cbr_verify,2026-05-18_06-33-04,0.679000,0.795500,2000,phase2_10class,phase2,unknown,True,per-class labels match Phase 2 classes; 2000-sample full Phase 2 eval
logs/phase2/eval_mush_kp_005_2026-05-18_07-18-13.json,phase2,mush_kp_005,2026-05-18_07-18-13,0.681000,0.796500,2000,phase2_10class,phase2,unknown,True,per-class labels match Phase 2 classes; 2000-sample full Phase 2 eval
logs/phase2/eval_mush_sb_005_2026-05-18_07-01-38.json,phase2,mush_sb_005,2026-05-18_07-01-38,0.680500,0.796000,2000,phase2_10class,phase2,unknown,True,per-class labels match Phase 2 classes; 2000-sample full Phase 2 eval
logs/phase2/eval_mush_sb_005_2026-05-18_07-51-13.json,phase2,mush_sb_005,2026-05-18_07-51-13,0.684000,0.795500,2000,phase2_10class,phase2,unknown,True,per-class labels match Phase 2 classes; 2000-sample full Phase 2 eval
logs/phase2/eval_mush_sc_005_2026-05-18_07-23-47.json,phase2,mush_sc_005,2026-05-18_07-23-47,0.681000,0.796500,2000,phase2_10class,phase2,unknown,True,per-class labels match Phase 2 classes; 2000-sample full Phase 2 eval
logs/phase2/eval_new_discs_2026-05-15_12-43-41.json,phase2,new_discs,2026-05-15_12-43-41,0.530500,0.768000,2000,phase2_10class,phase2,unknown,True,per-class labels match Phase 2 classes; 2000-sample full Phase 2 eval
logs/phase2/eval_new_discs_v1_2026-05-15_08-42-51.json,phase2,new_discs_v1,2026-05-15_08-42-51,0.522000,0.765000,2000,phase2_10class,phase2,unknown,True,per-class labels match Phase 2 classes; 2000-sample full Phase 2 eval
logs/phase2/eval_new_discs_v2_2026-05-15_08-54-11.json,phase2,new_discs_v2,2026-05-15_08-54-11,0.522500,0.766000,2000,phase2_10class,phase2,unknown,True,per-class labels match Phase 2 classes; 2000-sample full Phase 2 eval
logs/phase2/eval_new_discs_v3_2026-05-15_08-59-11.json,phase2,new_discs_v3,2026-05-15_08-59-11,0.523000,0.765500,2000,phase2_10class,phase2,unknown,True,per-class labels match Phase 2 classes; 2000-sample full Phase 2 eval
logs/phase2/eval_new_discs_v4_2026-05-15_09-04-56.json,phase2,new_discs_v4,2026-05-15_09-04-56,0.522500,0.765500,2000,phase2_10class,phase2,unknown,True,per-class labels match Phase 2 classes; 2000-sample full Phase 2 eval
logs/phase2/eval_new_discs_v4_2026-05-15_09-09-51.json,phase2,new_discs_v4,2026-05-15_09-09-51,0.522500,0.765500,2000,phase2_10class,phase2,unknown,True,per-class labels match Phase 2 classes; 2000-sample full Phase 2 eval
logs/phase2/eval_new_features_baseline_2026-05-18_19-02-22.json,phase2,new_features_baseline,2026-05-18_19-02-22,0.780500,0.842500,2000,phase2_10class,phase2,unknown,True,per-class labels match Phase 2 classes; 2000-sample full Phase 2 eval
logs/phase2/eval_new_repulsion_2026-05-15_22-01-52.json,phase2,new_repulsion,2026-05-15_22-01-52,0.551000,0.770000,2000,phase2_10class,phase2,unknown,True,per-class labels match Phase 2 classes; 2000-sample full Phase 2 eval
logs/phase2/eval_no_cal_restored_2026-05-14_03-22-33.json,phase2,no_cal_restored,2026-05-14_03-22-33,0.484500,0.754500,2000,phase2_10class,phase2,unknown,True,per-class labels match Phase 2 classes; 2000-sample full Phase 2 eval
logs/phase2/eval_no_calibration_restored_2026-05-14_03-17-35.json,phase2,no_calibration_restored,2026-05-14_03-17-35,0.484500,0.754500,2000,phase2_10class,phase2,unknown,True,per-class labels match Phase 2 classes; 2000-sample full Phase 2 eval
logs/phase2/eval_or_mush_005_2026-05-18_07-20-09.json,phase2,or_mush_005,2026-05-18_07-20-09,0.681000,0.796500,2000,phase2_10class,phase2,unknown,True,per-class labels match Phase 2 classes; 2000-sample full Phase 2 eval
logs/phase2/eval_or_tea_005_2026-05-18_08-18-51.json,phase2,or_tea_005,2026-05-18_08-18-51,0.685500,0.797500,2000,phase2_10class,phase2,unknown,True,per-class labels match Phase 2 classes; 2000-sample full Phase 2 eval
logs/phase2/eval_orange_banana_hsb_2026-05-18_05-16-55.json,phase2,orange_banana_hsb,2026-05-18_05-16-55,0.678000,0.795500,2000,phase2_10class,phase2,unknown,True,per-class labels match Phase 2 classes; 2000-sample full Phase 2 eval
logs/phase2/eval_orange_mush_005_2026-05-18_12-04-37.json,phase2,orange_mush_005,2026-05-18_12-04-37,0.700000,0.810500,2000,phase2_10class,phase2,unknown,True,per-class labels match Phase 2 classes; 2000-sample full Phase 2 eval
logs/phase2/eval_orange_teapot_rb_corr_2026-05-18_05-04-29.json,phase2,orange_teapot_rb_corr,2026-05-18_05-04-29,0.678500,0.797500,2000,phase2_10class,phase2,unknown,True,per-class labels match Phase 2 classes; 2000-sample full Phase 2 eval
logs/phase2/eval_orient_3disc_2026-05-15_16-30-20.json,phase2,orient_3disc,2026-05-15_16-30-20,0.536000,0.768500,2000,phase2_10class,phase2,unknown,True,per-class labels match Phase 2 classes; 2000-sample full Phase 2 eval
logs/phase2/eval_orient_entropy_deploy_2026-05-15_16-18-01.json,phase2,orient_entropy_deploy,2026-05-15_16-18-01,0.536500,0.768500,2000,phase2_10class,phase2,unknown,True,per-class labels match Phase 2 classes; 2000-sample full Phase 2 eval
logs/phase2/eval_orient_mush_gr_2026-05-15_17-02-59.json,phase2,orient_mush_gr,2026-05-15_17-02-59,0.536000,0.768500,2000,phase2_10class,phase2,unknown,True,per-class labels match Phase 2 classes; 2000-sample full Phase 2 eval
logs/phase2/eval_pair_base_fix1_2026-05-18_15-32-25.json,phase2,pair_base_fix1,2026-05-18_15-32-25,0.698500,0.809500,2000,phase2_10class,phase2,unknown,True,per-class labels match Phase 2 classes; 2000-sample full Phase 2 eval
logs/phase2/eval_pair_base_fix1_2026-05-18_15-37-14.json,phase2,pair_base_fix1,2026-05-18_15-37-14,0.698500,0.809500,2000,phase2_10class,phase2,unknown,True,per-class labels match Phase 2 classes; 2000-sample full Phase 2 eval
logs/phase2/eval_pair_base_fix2_2026-05-18_15-38-31.json,phase2,pair_base_fix2,2026-05-18_15-38-31,0.699500,0.810500,2000,phase2_10class,phase2,unknown,True,per-class labels match Phase 2 classes; 2000-sample full Phase 2 eval
logs/phase2/eval_pair_base_tune_2026-05-18_11-23-56.json,phase2,pair_base_tune,2026-05-18_11-23-56,0.698000,0.810500,2000,phase2_10class,phase2,unknown,True,per-class labels match Phase 2 classes; 2000-sample full Phase 2 eval
logs/phase2/eval_per_class_hist_2026-05-15_13-42-56.json,phase2,per_class_hist,2026-05-15_13-42-56,0.513500,0.747000,2000,phase2_10class,phase2,unknown,True,per-class labels match Phase 2 classes; 2000-sample full Phase 2 eval
logs/phase2/eval_per_class_hist_2026-05-15_19-14-32.json,phase2,per_class_hist,2026-05-15_19-14-32,0.524000,0.747000,2000,phase2_10class,phase2,unknown,True,per-class labels match Phase 2 classes; 2000-sample full Phase 2 eval
logs/phase2/eval_per_class_hist_w_2026-05-15_15-34-48.json,phase2,per_class_hist_w,2026-05-15_15-34-48,0.514500,0.747000,2000,phase2_10class,phase2,unknown,True,per-class labels match Phase 2 classes; 2000-sample full Phase 2 eval
logs/phase2/eval_phase2_actual_check_2026-05-19_04-17-10.json,phase2,phase2_actual_check,2026-05-19_04-17-10,0.700000,0.810500,2000,phase2_10class,phase2,unknown,True,per-class labels match Phase 2 classes; 2000-sample full Phase 2 eval
logs/phase2/eval_phase2_baseline_2026-05-12_12-50-32.json,phase2,phase2_baseline,2026-05-12_12-50-32,0.230000,0.630000,100,phase2_subset,phase2,unknown,False,per-class labels match Phase 2 classes; excluded from comparable trajectory because n=100
logs/phase2/eval_phase2_baseline_2026-05-12_12-51-05.json,phase2,phase2_baseline,2026-05-12_12-51-05,0.350000,0.620000,200,phase2_10class,phase2,unknown,False,per-class labels match Phase 2 classes; excluded from comparable trajectory because n=200
logs/phase2/eval_phase2_baseline_full_2026-05-12_12-53-03.json,phase2,phase2_baseline_full,2026-05-12_12-53-03,0.316500,0.601000,2000,phase2_10class,phase2,unknown,True,per-class labels match Phase 2 classes; 2000-sample full Phase 2 eval
logs/phase2/eval_phase2_baseline_full_2026-05-12_12-55-08.json,phase2,phase2_baseline_full,2026-05-12_12-55-08,0.316500,0.601000,2000,phase2_10class,phase2,unknown,True,per-class labels match Phase 2 classes; 2000-sample full Phase 2 eval
logs/phase2/eval_phase2_bear_v2_2026-05-12_16-29-00.json,phase2,phase2_bear_v2,2026-05-12_16-29-00,0.385000,0.716000,2000,phase2_10class,phase2,unknown,True,per-class labels match Phase 2 classes; 2000-sample full Phase 2 eval
logs/phase2/eval_phase2_bear_v3_2026-05-12_16-29-58.json,phase2,phase2_bear_v3,2026-05-12_16-29-58,0.386500,0.722500,2000,phase2_10class,phase2,unknown,True,per-class labels match Phase 2 classes; 2000-sample full Phase 2 eval
logs/phase2/eval_phase2_calibrated_2026-05-12_16-06-14.json,phase2,phase2_calibrated,2026-05-12_16-06-14,0.364000,0.718000,2000,phase2_10class,phase2,unknown,True,per-class labels match Phase 2 classes; 2000-sample full Phase 2 eval
logs/phase2/eval_phase2_committed_baseline_2026-05-12_19-42-10.json,phase2,phase2_committed_baseline,2026-05-12_19-42-10,0.334000,0.686500,2000,phase2_10class,phase2,unknown,True,per-class labels match Phase 2 classes; 2000-sample full Phase 2 eval
logs/phase2/eval_phase2_competitive_2026-05-12_16-07-35.json,phase2,phase2_competitive,2026-05-12_16-07-35,0.371500,0.714000,2000,phase2_10class,phase2,unknown,True,per-class labels match Phase 2 classes; 2000-sample full Phase 2 eval
logs/phase2/eval_phase2_current_check_2026-05-12_18-26-47.json,phase2,phase2_current_check,2026-05-12_18-26-47,0.414500,0.704000,2000,phase2_10class,phase2,unknown,True,per-class labels match Phase 2 classes; 2000-sample full Phase 2 eval
logs/phase2/eval_phase2_current_state_2026-05-12_19-45-59.json,phase2,phase2_current_state,2026-05-12_19-45-59,0.419000,0.709000,2000,phase2_10class,phase2,unknown,True,per-class labels match Phase 2 classes; 2000-sample full Phase 2 eval
logs/phase2/eval_phase2_current_train_2026-05-12_16-25-52.json,phase2,phase2_current_train,2026-05-12_16-25-52,0.372000,0.710000,2000,phase2_10class,phase2,train,True,per-class labels match Phase 2 classes; 2000-sample full Phase 2 eval
logs/phase2/eval_phase2_current_val_2026-05-12_16-26-42.json,phase2,phase2_current_val,2026-05-12_16-26-42,0.382500,0.721000,2000,phase2_10class,phase2,val,True,per-class labels match Phase 2 classes; 2000-sample full Phase 2 eval
logs/phase2/eval_phase2_current_val_2026-05-12_16-32-26.json,phase2,phase2_current_val,2026-05-12_16-32-26,0.405000,0.724000,2000,phase2_10class,phase2,val,True,per-class labels match Phase 2 classes; 2000-sample full Phase 2 eval
logs/phase2/eval_phase2_direct_sig_2026-05-12_16-04-47.json,phase2,phase2_direct_sig,2026-05-12_16-04-47,0.371000,0.714000,2000,phase2_10class,phase2,unknown,True,per-class labels match Phase 2 classes; 2000-sample full Phase 2 eval
logs/phase2/eval_phase2_fisher_hybrid_2026-05-12_16-24-37.json,phase2,phase2_fisher_hybrid,2026-05-12_16-24-37,0.372000,0.710000,2000,phase2_10class,phase2,unknown,True,per-class labels match Phase 2 classes; 2000-sample full Phase 2 eval
logs/phase2/eval_phase2_fisher_sigs_2026-05-12_16-22-54.json,phase2,phase2_fisher_sigs,2026-05-12_16-22-54,0.372000,0.710000,2000,phase2_10class,phase2,unknown,True,per-class labels match Phase 2 classes; 2000-sample full Phase 2 eval
logs/phase2/eval_phase2_fixed_mush_bear_2026-05-12_16-28-01.json,phase2,phase2_fixed_mush_bear,2026-05-12_16-28-01,0.385500,0.716500,2000,phase2_10class,phase2,unknown,True,per-class labels match Phase 2 classes; 2000-sample full Phase 2 eval
logs/phase2/eval_phase2_hybrid2_2026-05-12_16-11-54.json,phase2,phase2_hybrid2,2026-05-12_16-11-54,0.381000,0.730000,2000,phase2_10class,phase2,unknown,True,per-class labels match Phase 2 classes; 2000-sample full Phase 2 eval
logs/phase2/eval_phase2_hybrid_2026-05-12_16-10-32.json,phase2,phase2_hybrid,2026-05-12_16-10-32,0.381000,0.725500,2000,phase2_10class,phase2,unknown,True,per-class labels match Phase 2 classes; 2000-sample full Phase 2 eval
logs/phase2/eval_phase2_iter10_train_2026-05-12_14-45-11.json,phase2,phase2_iter10_train,2026-05-12_14-45-11,0.346500,0.707500,2000,phase2_10class,phase2,train,True,per-class labels match Phase 2 classes; 2000-sample full Phase 2 eval
logs/phase2/eval_phase2_iter10a_val_2026-05-12_19-15-54.json,phase2,phase2_iter10a_val,2026-05-12_19-15-54,0.442500,0.726000,2000,phase2_10class,phase2,val,True,per-class labels match Phase 2 classes; 2000-sample full Phase 2 eval
logs/phase2/eval_phase2_iter10b_val_2026-05-12_19-20-49.json,phase2,phase2_iter10b_val,2026-05-12_19-20-49,0.443000,0.726000,2000,phase2_10class,phase2,val,True,per-class labels match Phase 2 classes; 2000-sample full Phase 2 eval
logs/phase2/eval_phase2_iter10c_val_2026-05-12_19-25-28.json,phase2,phase2_iter10c_val,2026-05-12_19-25-28,0.444000,0.707000,2000,phase2_10class,phase2,val,True,per-class labels match Phase 2 classes; 2000-sample full Phase 2 eval
logs/phase2/eval_phase2_iter10d_val_2026-05-12_19-31-10.json,phase2,phase2_iter10d_val,2026-05-12_19-31-10,0.439000,0.725500,2000,phase2_10class,phase2,val,True,per-class labels match Phase 2 classes; 2000-sample full Phase 2 eval
logs/phase2/eval_phase2_iter10e_val_2026-05-12_19-36-09.json,phase2,phase2_iter10e_val,2026-05-12_19-36-09,0.450500,0.720000,2000,phase2_10class,phase2,val,True,per-class labels match Phase 2 classes; 2000-sample full Phase 2 eval
logs/phase2/eval_phase2_iter10f_val_2026-05-12_19-40-39.json,phase2,phase2_iter10f_val,2026-05-12_19-40-39,0.419000,0.709000,2000,phase2_10class,phase2,val,True,per-class labels match Phase 2 classes; 2000-sample full Phase 2 eval
logs/phase2/eval_phase2_iter10g_val_2026-05-12_19-50-02.json,phase2,phase2_iter10g_val,2026-05-12_19-50-02,0.447500,0.720000,2000,phase2_10class,phase2,val,True,per-class labels match Phase 2 classes; 2000-sample full Phase 2 eval
logs/phase2/eval_phase2_iter11_geomean_train_2026-05-12_14-56-16.json,phase2,phase2_iter11_geomean_train,2026-05-12_14-56-16,0.341500,0.710000,2000,phase2_10class,phase2,train,True,per-class labels match Phase 2 classes; 2000-sample full Phase 2 eval
logs/phase2/eval_phase2_iter12_geomv2_train_2026-05-12_15-01-38.json,phase2,phase2_iter12_geomv2_train,2026-05-12_15-01-38,0.337000,0.712500,2000,phase2_10class,phase2,train,True,per-class labels match Phase 2 classes; 2000-sample full Phase 2 eval
logs/phase2/eval_phase2_iter13_guarded_train_2026-05-12_15-07-31.json,phase2,phase2_iter13_guarded_train,2026-05-12_15-07-31,0.353500,0.694000,2000,phase2_10class,phase2,train,True,per-class labels match Phase 2 classes; 2000-sample full Phase 2 eval
logs/phase2/eval_phase2_iter14_guard_fix_train_2026-05-12_15-11-04.json,phase2,phase2_iter14_guard_fix_train,2026-05-12_15-11-04,0.352500,0.697500,2000,phase2_10class,phase2,train,True,per-class labels match Phase 2 classes; 2000-sample full Phase 2 eval
logs/phase2/eval_phase2_iter15_avgguard_train_2026-05-12_15-14-56.json,phase2,phase2_iter15_avgguard_train,2026-05-12_15-14-56,0.348000,0.712500,2000,phase2_10class,phase2,train,True,per-class labels match Phase 2 classes; 2000-sample full Phase 2 eval
logs/phase2/eval_phase2_iter15_avgguard_train_2026-05-12_15-17-38.json,phase2,phase2_iter15_avgguard_train,2026-05-12_15-17-38,0.348000,0.712500,2000,phase2_10class,phase2,train,True,per-class labels match Phase 2 classes; 2000-sample full Phase 2 eval
logs/phase2/eval_phase2_iter16_calibrated_train_2026-05-12_15-21-55.json,phase2,phase2_iter16_calibrated_train,2026-05-12_15-21-55,0.353000,0.715000,2000,phase2_10class,phase2,train,True,per-class labels match Phase 2 classes; 2000-sample full Phase 2 eval
logs/phase2/eval_phase2_iter17_pairwise_train_2026-05-12_15-24-53.json,phase2,phase2_iter17_pairwise_train,2026-05-12_15-24-53,0.350000,0.715000,2000,phase2_10class,phase2,train,True,per-class labels match Phase 2 classes; 2000-sample full Phase 2 eval
logs/phase2/eval_phase2_iter17_val_2026-05-13_14-38-47.json,phase2,phase2_iter17_val,2026-05-13_14-38-47,0.504000,0.748000,2000,phase2_10class,phase2,val,True,per-class labels match Phase 2 classes; 2000-sample full Phase 2 eval
logs/phase2/eval_phase2_iter17a_2026-05-13_11-56-56.json,phase2,phase2_iter17a,2026-05-13_11-56-56,0.487500,0.754500,2000,phase2_10class,phase2,unknown,True,per-class labels match Phase 2 classes; 2000-sample full Phase 2 eval
logs/phase2/eval_phase2_iter17b_2026-05-13_12-08-34.json,phase2,phase2_iter17b,2026-05-13_12-08-34,0.486500,0.752500,2000,phase2_10class,phase2,unknown,True,per-class labels match Phase 2 classes; 2000-sample full Phase 2 eval
logs/phase2/eval_phase2_iter17c_histw84_2026-05-13_12-53-23.json,phase2,phase2_iter17c_histw84,2026-05-13_12-53-23,0.485000,0.755000,2000,phase2_10class,phase2,unknown,True,per-class labels match Phase 2 classes; 2000-sample full Phase 2 eval
logs/phase2/eval_phase2_iter17d_histw92_2026-05-13_13-01-26.json,phase2,phase2_iter17d_histw92,2026-05-13_13-01-26,0.486000,0.747000,2000,phase2_10class,phase2,unknown,True,per-class labels match Phase 2 classes; 2000-sample full Phase 2 eval
logs/phase2/eval_phase2_iter17e_gabor_2026-05-13_13-08-01.json,phase2,phase2_iter17e_gabor,2026-05-13_13-08-01,0.490000,0.753500,2000,phase2_10class,phase2,unknown,True,per-class labels match Phase 2 classes; 2000-sample full Phase 2 eval
logs/phase2/eval_phase2_iter17e_verify_2026-05-13_13-35-53.json,phase2,phase2_iter17e_verify,2026-05-13_13-35-53,0.490000,0.753500,2000,phase2_10class,phase2,unknown,True,per-class labels match Phase 2 classes; 2000-sample full Phase 2 eval
logs/phase2/eval_phase2_iter17f_gabor2_2026-05-13_13-13-45.json,phase2,phase2_iter17f_gabor2,2026-05-13_13-13-45,0.487500,0.753500,2000,phase2_10class,phase2,unknown,True,per-class labels match Phase 2 classes; 2000-sample full Phase 2 eval
logs/phase2/eval_phase2_iter17g_2026-05-13_13-43-55.json,phase2,phase2_iter17g,2026-05-13_13-43-55,0.489000,0.753500,2000,phase2_10class,phase2,unknown,True,per-class labels match Phase 2 classes; 2000-sample full Phase 2 eval
logs/phase2/eval_phase2_iter17h_2026-05-13_13-51-14.json,phase2,phase2_iter17h,2026-05-13_13-51-14,0.493000,0.753500,2000,phase2_10class,phase2,unknown,True,per-class labels match Phase 2 classes; 2000-sample full Phase 2 eval
logs/phase2/eval_phase2_iter17i_2026-05-13_13-59-36.json,phase2,phase2_iter17i,2026-05-13_13-59-36,0.490500,0.753500,2000,phase2_10class,phase2,unknown,True,per-class labels match Phase 2 classes; 2000-sample full Phase 2 eval
logs/phase2/eval_phase2_iter17j_2026-05-13_14-08-14.json,phase2,phase2_iter17j,2026-05-13_14-08-14,0.495000,0.753500,2000,phase2_10class,phase2,unknown,True,per-class labels match Phase 2 classes; 2000-sample full Phase 2 eval
logs/phase2/eval_phase2_iter17k_2026-05-13_14-20-29.json,phase2,phase2_iter17k,2026-05-13_14-20-29,0.495500,0.753500,2000,phase2_10class,phase2,unknown,True,per-class labels match Phase 2 classes; 2000-sample full Phase 2 eval
logs/phase2/eval_phase2_iter17k_verify_2026-05-13_16-12-18.json,phase2,phase2_iter17k_verify,2026-05-13_16-12-18,0.496000,0.752000,2000,phase2_10class,phase2,unknown,True,per-class labels match Phase 2 classes; 2000-sample full Phase 2 eval
logs/phase2/eval_phase2_iter17k_verify_2026-05-13_16-20-06.json,phase2,phase2_iter17k_verify,2026-05-13_16-20-06,0.496000,0.752000,2000,phase2_10class,phase2,unknown,True,per-class labels match Phase 2 classes; 2000-sample full Phase 2 eval
logs/phase2/eval_phase2_iter17l_2026-05-13_14-29-07.json,phase2,phase2_iter17l,2026-05-13_14-29-07,0.495000,0.753500,2000,phase2_10class,phase2,unknown,True,per-class labels match Phase 2 classes; 2000-sample full Phase 2 eval
logs/phase2/eval_phase2_iter17m_2026-05-13_15-57-24.json,phase2,phase2_iter17m,2026-05-13_15-57-24,0.495000,0.755500,2000,phase2_10class,phase2,unknown,True,per-class labels match Phase 2 classes; 2000-sample full Phase 2 eval
logs/phase2/eval_phase2_iter17n_bus_gabor_2026-05-13_16-04-53.json,phase2,phase2_iter17n_bus_gabor,2026-05-13_16-04-53,0.483000,0.749000,2000,phase2_10class,phase2,unknown,True,per-class labels match Phase 2 classes; 2000-sample full Phase 2 eval
logs/phase2/eval_phase2_iter18_pairwise_aggressive_train_2026-05-12_15-29-28.json,phase2,phase2_iter18_pairwise_aggressive_train,2026-05-12_15-29-28,0.362500,0.715000,2000,phase2_10class,phase2,train,True,per-class labels match Phase 2 classes; 2000-sample full Phase 2 eval
logs/phase2/eval_phase2_iter18_pairwise_val_2026-05-12_15-32-13.json,phase2,phase2_iter18_pairwise_val,2026-05-12_15-32-13,0.378000,0.702000,2000,phase2_10class,phase2,val,True,per-class labels match Phase 2 classes; 2000-sample full Phase 2 eval
logs/phase2/eval_phase2_iter18a_dct_2026-05-13_16-23-07.json,phase2,phase2_iter18a_dct,2026-05-13_16-23-07,0.499000,0.752000,2000,phase2_10class,phase2,unknown,True,per-class labels match Phase 2 classes; 2000-sample full Phase 2 eval
logs/phase2/eval_phase2_iter18b_extent_2026-05-13_16-40-49.json,phase2,phase2_iter18b_extent,2026-05-13_16-40-49,0.505500,0.752000,2000,phase2_10class,phase2,unknown,True,per-class labels match Phase 2 classes; 2000-sample full Phase 2 eval
logs/phase2/eval_phase2_iter18b_extent_2026-05-13_16-46-49.json,phase2,phase2_iter18b_extent,2026-05-13_16-46-49,0.505500,0.752000,2000,phase2_10class,phase2,unknown,True,per-class labels match Phase 2 classes; 2000-sample full Phase 2 eval
logs/phase2/eval_phase2_iter18c_thresh_2026-05-13_16-54-57.json,phase2,phase2_iter18c_thresh,2026-05-13_16-54-57,0.505500,0.752000,2000,phase2_10class,phase2,unknown,True,per-class labels match Phase 2 classes; 2000-sample full Phase 2 eval
logs/phase2/eval_phase2_iter18d_bear_kp_2026-05-13_17-04-14.json,phase2,phase2_iter18d_bear_kp,2026-05-13_17-04-14,0.505500,0.752000,2000,phase2_10class,phase2,unknown,True,per-class labels match Phase 2 classes; 2000-sample full Phase 2 eval
logs/phase2/eval_phase2_iter18e_tp_kp_thresh_2026-05-13_17-29-42.json,phase2,phase2_iter18e_tp_kp_thresh,2026-05-13_17-29-42,0.506500,0.752000,2000,phase2_10class,phase2,unknown,True,per-class labels match Phase 2 classes; 2000-sample full Phase 2 eval
logs/phase2/eval_phase2_iter18f_multiscale_2026-05-13_17-44-04.json,phase2,phase2_iter18f_multiscale,2026-05-13_17-44-04,0.508500,0.752000,2000,phase2_10class,phase2,unknown,True,per-class labels match Phase 2 classes; 2000-sample full Phase 2 eval
logs/phase2/eval_phase2_iter18f_v2_2026-05-13_19-00-58.json,phase2,phase2_iter18f_v2,2026-05-13_19-00-58,0.508500,0.752000,2000,phase2_10class,phase2,unknown,True,per-class labels match Phase 2 classes; 2000-sample full Phase 2 eval
logs/phase2/eval_phase2_iter18f_verify_2026-05-13_18-24-01.json,phase2,phase2_iter18f_verify,2026-05-13_18-24-01,0.508500,0.752000,2000,phase2_10class,phase2,unknown,True,per-class labels match Phase 2 classes; 2000-sample full Phase 2 eval
logs/phase2/eval_phase2_iter18g_perclass_hist_2026-05-13_18-02-32.json,phase2,phase2_iter18g_perclass_hist,2026-05-13_18-02-32,0.472500,0.729000,2000,phase2_10class,phase2,unknown,True,per-class labels match Phase 2 classes; 2000-sample full Phase 2 eval
logs/phase2/eval_phase2_iter18g_perclass_hist_2026-05-13_18-17-29.json,phase2,phase2_iter18g_perclass_hist,2026-05-13_18-17-29,0.472500,0.729000,2000,phase2_10class,phase2,unknown,True,per-class labels match Phase 2 classes; 2000-sample full Phase 2 eval
logs/phase2/eval_phase2_iter18h_calibrate_2026-05-13_19-06-01.json,phase2,phase2_iter18h_calibrate,2026-05-13_19-06-01,0.506500,0.759500,2000,phase2_10class,phase2,unknown,True,per-class labels match Phase 2 classes; 2000-sample full Phase 2 eval
logs/phase2/eval_phase2_iter18i_calibrate_v2_2026-05-13_19-09-09.json,phase2,phase2_iter18i_calibrate_v2,2026-05-13_19-09-09,0.506000,0.752500,2000,phase2_10class,phase2,unknown,True,per-class labels match Phase 2 classes; 2000-sample full Phase 2 eval
logs/phase2/eval_phase2_iter18j_calibrate_v3_2026-05-13_19-12-18.json,phase2,phase2_iter18j_calibrate_v3,2026-05-13_19-12-18,0.506500,0.752000,2000,phase2_10class,phase2,unknown,True,per-class labels match Phase 2 classes; 2000-sample full Phase 2 eval
logs/phase2/eval_phase2_iter18k_gap12_2026-05-13_19-16-09.json,phase2,phase2_iter18k_gap12,2026-05-13_19-16-09,0.508000,0.752000,2000,phase2_10class,phase2,unknown,True,per-class labels match Phase 2 classes; 2000-sample full Phase 2 eval
logs/phase2/eval_phase2_iter18l_grad_hv_2026-05-13_19-21-03.json,phase2,phase2_iter18l_grad_hv,2026-05-13_19-21-03,0.509000,0.752000,2000,phase2_10class,phase2,unknown,True,per-class labels match Phase 2 classes; 2000-sample full Phase 2 eval
logs/phase2/eval_phase2_iter18m_mush_sat_2026-05-13_19-25-20.json,phase2,phase2_iter18m_mush_sat,2026-05-13_19-25-20,0.511000,0.754000,2000,phase2_10class,phase2,unknown,True,per-class labels match Phase 2 classes; 2000-sample full Phase 2 eval
logs/phase2/eval_phase2_iter18n_banana_persist_2026-05-13_19-29-43.json,phase2,phase2_iter18n_banana_persist,2026-05-13_19-29-43,0.511000,0.754500,2000,phase2_10class,phase2,unknown,True,per-class labels match Phase 2 classes; 2000-sample full Phase 2 eval
logs/phase2/eval_phase2_iter18o_bear_sat_2026-05-13_19-35-05.json,phase2,phase2_iter18o_bear_sat,2026-05-13_19-35-05,0.510000,0.754500,2000,phase2_10class,phase2,unknown,True,per-class labels match Phase 2 classes; 2000-sample full Phase 2 eval
logs/phase2/eval_phase2_iter18p_gr_dct_guard_2026-05-13_19-39-10.json,phase2,phase2_iter18p_gr_dct_guard,2026-05-13_19-39-10,0.511000,0.755000,2000,phase2_10class,phase2,unknown,True,per-class labels match Phase 2 classes; 2000-sample full Phase 2 eval
logs/phase2/eval_phase2_iter18q_gr_dct_v2_2026-05-13_19-43-07.json,phase2,phase2_iter18q_gr_dct_v2,2026-05-13_19-43-07,0.510500,0.755500,2000,phase2_10class,phase2,unknown,True,per-class labels match Phase 2 classes; 2000-sample full Phase 2 eval
logs/phase2/eval_phase2_iter19a_2026-05-13_19-53-25.json,phase2,phase2_iter19a,2026-05-13_19-53-25,0.511500,0.754000,2000,phase2_10class,phase2,unknown,True,per-class labels match Phase 2 classes; 2000-sample full Phase 2 eval
logs/phase2/eval_phase2_iter19b_2026-05-13_19-59-44.json,phase2,phase2_iter19b,2026-05-13_19-59-44,0.511500,0.755000,2000,phase2_10class,phase2,unknown,True,per-class labels match Phase 2 classes; 2000-sample full Phase 2 eval
logs/phase2/eval_phase2_iter19c_2026-05-13_20-06-49.json,phase2,phase2_iter19c,2026-05-13_20-06-49,0.512000,0.752500,2000,phase2_10class,phase2,unknown,True,per-class labels match Phase 2 classes; 2000-sample full Phase 2 eval
logs/phase2/eval_phase2_iter19d_2026-05-13_20-11-51.json,phase2,phase2_iter19d,2026-05-13_20-11-51,0.518500,0.752500,2000,phase2_10class,phase2,unknown,True,per-class labels match Phase 2 classes; 2000-sample full Phase 2 eval
logs/phase2/eval_phase2_iter19e_2026-05-13_20-16-03.json,phase2,phase2_iter19e,2026-05-13_20-16-03,0.519000,0.752500,2000,phase2_10class,phase2,unknown,True,per-class labels match Phase 2 classes; 2000-sample full Phase 2 eval
logs/phase2/eval_phase2_iter19f_2026-05-13_20-20-10.json,phase2,phase2_iter19f,2026-05-13_20-20-10,0.518000,0.752500,2000,phase2_10class,phase2,unknown,True,per-class labels match Phase 2 classes; 2000-sample full Phase 2 eval
logs/phase2/eval_phase2_iter19g_2026-05-13_20-24-52.json,phase2,phase2_iter19g,2026-05-13_20-24-52,0.515000,0.752500,2000,phase2_10class,phase2,unknown,True,per-class labels match Phase 2 classes; 2000-sample full Phase 2 eval
logs/phase2/eval_phase2_iter19h_2026-05-13_20-33-30.json,phase2,phase2_iter19h,2026-05-13_20-33-30,0.514500,0.752500,2000,phase2_10class,phase2,unknown,True,per-class labels match Phase 2 classes; 2000-sample full Phase 2 eval
logs/phase2/eval_phase2_iter19i_2026-05-13_20-37-09.json,phase2,phase2_iter19i,2026-05-13_20-37-09,0.518500,0.752500,2000,phase2_10class,phase2,unknown,True,per-class labels match Phase 2 classes; 2000-sample full Phase 2 eval
logs/phase2/eval_phase2_iter19j_2026-05-13_20-43-35.json,phase2,phase2_iter19j,2026-05-13_20-43-35,0.517000,0.752500,2000,phase2_10class,phase2,unknown,True,per-class labels match Phase 2 classes; 2000-sample full Phase 2 eval
logs/phase2/eval_phase2_iter19k_2026-05-13_20-51-58.json,phase2,phase2_iter19k,2026-05-13_20-51-58,0.519000,0.752500,2000,phase2_10class,phase2,unknown,True,per-class labels match Phase 2 classes; 2000-sample full Phase 2 eval
logs/phase2/eval_phase2_iter19l_2026-05-13_21-00-56.json,phase2,phase2_iter19l,2026-05-13_21-00-56,0.518000,0.752000,2000,phase2_10class,phase2,unknown,True,per-class labels match Phase 2 classes; 2000-sample full Phase 2 eval
logs/phase2/eval_phase2_iter1_2026-05-12_13-12-31.json,phase2,phase2_iter1,2026-05-12_13-12-31,0.318000,0.610000,500,phase2_10class,phase2,unknown,False,per-class labels match Phase 2 classes; excluded from comparable trajectory because n=500
logs/phase2/eval_phase2_iter1_2026-05-12_13-13-31.json,phase2,phase2_iter1,2026-05-12_13-13-31,0.318000,0.610000,500,phase2_10class,phase2,unknown,False,per-class labels match Phase 2 classes; excluded from comparable trajectory because n=500
logs/phase2/eval_phase2_iter1_2026-05-12_13-14-15.json,phase2,phase2_iter1,2026-05-12_13-14-15,0.318000,0.610000,500,phase2_10class,phase2,unknown,False,per-class labels match Phase 2 classes; excluded from comparable trajectory because n=500
logs/phase2/eval_phase2_iter20_verify_2026-05-13_21-07-07.json,phase2,phase2_iter20_verify,2026-05-13_21-07-07,0.519000,0.752500,2000,phase2_10class,phase2,unknown,True,per-class labels match Phase 2 classes; 2000-sample full Phase 2 eval
logs/phase2/eval_phase2_iter20_verify_w15_2026-05-13_23-43-34.json,phase2,phase2_iter20_verify_w15,2026-05-13_23-43-34,0.524000,0.756500,2000,phase2_10class,phase2,unknown,True,per-class labels match Phase 2 classes; 2000-sample full Phase 2 eval
logs/phase2/eval_phase2_iter20a_2026-05-13_21-13-12.json,phase2,phase2_iter20a,2026-05-13_21-13-12,0.521000,0.752500,2000,phase2_10class,phase2,unknown,True,per-class labels match Phase 2 classes; 2000-sample full Phase 2 eval
logs/phase2/eval_phase2_iter20b_2026-05-13_21-17-57.json,phase2,phase2_iter20b,2026-05-13_21-17-57,0.521500,0.752500,2000,phase2_10class,phase2,unknown,True,per-class labels match Phase 2 classes; 2000-sample full Phase 2 eval
logs/phase2/eval_phase2_iter20c_2026-05-13_21-44-14.json,phase2,phase2_iter20c,2026-05-13_21-44-14,0.521000,0.752500,2000,phase2_10class,phase2,unknown,True,per-class labels match Phase 2 classes; 2000-sample full Phase 2 eval
logs/phase2/eval_phase2_iter20d_2026-05-13_21-48-16.json,phase2,phase2_iter20d,2026-05-13_21-48-16,0.521000,0.752500,2000,phase2_10class,phase2,unknown,True,per-class labels match Phase 2 classes; 2000-sample full Phase 2 eval
logs/phase2/eval_phase2_iter20e_2026-05-13_21-51-53.json,phase2,phase2_iter20e,2026-05-13_21-51-53,0.521500,0.752500,2000,phase2_10class,phase2,unknown,True,per-class labels match Phase 2 classes; 2000-sample full Phase 2 eval
logs/phase2/eval_phase2_iter20f_2026-05-13_21-59-07.json,phase2,phase2_iter20f,2026-05-13_21-59-07,0.506000,0.738000,2000,phase2_10class,phase2,unknown,True,per-class labels match Phase 2 classes; 2000-sample full Phase 2 eval
logs/phase2/eval_phase2_iter20g_2026-05-13_22-14-52.json,phase2,phase2_iter20g,2026-05-13_22-14-52,0.519500,0.754000,2000,phase2_10class,phase2,unknown,True,per-class labels match Phase 2 classes; 2000-sample full Phase 2 eval
logs/phase2/eval_phase2_iter20h_2026-05-13_22-26-42.json,phase2,phase2_iter20h,2026-05-13_22-26-42,0.520500,0.752500,2000,phase2_10class,phase2,unknown,True,per-class labels match Phase 2 classes; 2000-sample full Phase 2 eval
logs/phase2/eval_phase2_iter20i_2026-05-13_23-06-49.json,phase2,phase2_iter20i,2026-05-13_23-06-49,0.521000,0.763500,2000,phase2_10class,phase2,unknown,True,per-class labels match Phase 2 classes; 2000-sample full Phase 2 eval
logs/phase2/eval_phase2_iter20j_2026-05-13_23-16-02.json,phase2,phase2_iter20j,2026-05-13_23-16-02,0.524000,0.756500,2000,phase2_10class,phase2,unknown,True,per-class labels match Phase 2 classes; 2000-sample full Phase 2 eval
logs/phase2/eval_phase2_iter20k_2026-05-13_23-26-52.json,phase2,phase2_iter20k,2026-05-13_23-26-52,0.523000,0.757500,2000,phase2_10class,phase2,unknown,True,per-class labels match Phase 2 classes; 2000-sample full Phase 2 eval
logs/phase2/eval_phase2_iter20l_2026-05-13_23-35-38.json,phase2,phase2_iter20l,2026-05-13_23-35-38,0.522500,0.759500,2000,phase2_10class,phase2,unknown,True,per-class labels match Phase 2 classes; 2000-sample full Phase 2 eval
logs/phase2/eval_phase2_iter2_2026-05-12_13-18-35.json,phase2,phase2_iter2,2026-05-12_13-18-35,0.324000,0.598000,500,phase2_10class,phase2,unknown,False,per-class labels match Phase 2 classes; excluded from comparable trajectory because n=500
logs/phase2/eval_phase2_iter3_2026-05-12_13-21-21.json,phase2,phase2_iter3,2026-05-12_13-21-21,0.300000,0.690000,500,phase2_10class,phase2,unknown,False,per-class labels match Phase 2 classes; excluded from comparable trajectory because n=500
logs/phase2/eval_phase2_iter3_2026-05-12_13-22-16.json,phase2,phase2_iter3,2026-05-12_13-22-16,0.300000,0.690000,500,phase2_10class,phase2,unknown,False,per-class labels match Phase 2 classes; excluded from comparable trajectory because n=500
logs/phase2/eval_phase2_iter4_2026-05-12_13-23-04.json,phase2,phase2_iter4,2026-05-12_13-23-04,0.322000,0.702000,500,phase2_10class,phase2,unknown,False,per-class labels match Phase 2 classes; excluded from comparable trajectory because n=500
logs/phase2/eval_phase2_iter4_2026-05-12_13-23-35.json,phase2,phase2_iter4,2026-05-12_13-23-35,0.322000,0.702000,500,phase2_10class,phase2,unknown,False,per-class labels match Phase 2 classes; excluded from comparable trajectory because n=500
logs/phase2/eval_phase2_iter4x_2026-05-12_13-24-05.json,phase2,phase2_iter4x,2026-05-12_13-24-05,0.322000,0.702000,500,phase2_10class,phase2,unknown,False,per-class labels match Phase 2 classes; excluded from comparable trajectory because n=500
logs/phase2/eval_phase2_iter5_2026-05-12_13-25-40.json,phase2,phase2_iter5,2026-05-12_13-25-40,0.332000,0.704000,500,phase2_10class,phase2,unknown,False,per-class labels match Phase 2 classes; excluded from comparable trajectory because n=500
logs/phase2/eval_phase2_iter5a_2026-05-12_16-42-00.json,phase2,phase2_iter5a,2026-05-12_16-42-00,0.409000,0.721500,2000,phase2_10class,phase2,unknown,True,per-class labels match Phase 2 classes; 2000-sample full Phase 2 eval
logs/phase2/eval_phase2_iter5b_2026-05-12_13-26-29.json,phase2,phase2_iter5b,2026-05-12_13-26-29,0.332000,0.704000,500,phase2_10class,phase2,unknown,False,per-class labels match Phase 2 classes; excluded from comparable trajectory because n=500
logs/phase2/eval_phase2_iter5b_2026-05-12_16-43-24.json,phase2,phase2_iter5b,2026-05-12_16-43-24,0.408500,0.722500,2000,phase2_10class,phase2,unknown,True,per-class labels match Phase 2 classes; 2000-sample full Phase 2 eval
logs/phase2/eval_phase2_iter5c_2026-05-12_16-47-16.json,phase2,phase2_iter5c,2026-05-12_16-47-16,0.422500,0.724500,2000,phase2_10class,phase2,unknown,True,per-class labels match Phase 2 classes; 2000-sample full Phase 2 eval
logs/phase2/eval_phase2_iter5d_2026-05-12_16-49-31.json,phase2,phase2_iter5d,2026-05-12_16-49-31,0.427000,0.724500,2000,phase2_10class,phase2,unknown,True,per-class labels match Phase 2 classes; 2000-sample full Phase 2 eval
logs/phase2/eval_phase2_iter5e_2026-05-12_16-51-01.json,phase2,phase2_iter5e,2026-05-12_16-51-01,0.423500,0.726000,2000,phase2_10class,phase2,unknown,True,per-class labels match Phase 2 classes; 2000-sample full Phase 2 eval
logs/phase2/eval_phase2_iter5f_2026-05-12_16-52-00.json,phase2,phase2_iter5f,2026-05-12_16-52-00,0.425500,0.725000,2000,phase2_10class,phase2,unknown,True,per-class labels match Phase 2 classes; 2000-sample full Phase 2 eval
logs/phase2/eval_phase2_iter5g_2026-05-12_16-52-56.json,phase2,phase2_iter5g,2026-05-12_16-52-56,0.423500,0.726500,2000,phase2_10class,phase2,unknown,True,per-class labels match Phase 2 classes; 2000-sample full Phase 2 eval
logs/phase2/eval_phase2_iter5h_2026-05-12_16-55-53.json,phase2,phase2_iter5h,2026-05-12_16-55-53,0.435500,0.724500,2000,phase2_10class,phase2,unknown,True,per-class labels match Phase 2 classes; 2000-sample full Phase 2 eval
logs/phase2/eval_phase2_iter5i_2026-05-12_16-59-51.json,phase2,phase2_iter5i,2026-05-12_16-59-51,0.421000,0.724500,2000,phase2_10class,phase2,unknown,True,per-class labels match Phase 2 classes; 2000-sample full Phase 2 eval
logs/phase2/eval_phase2_iter6_notiebreak2_2026-05-12_13-36-37.json,phase2,phase2_iter6_notiebreak2,2026-05-12_13-36-37,0.336000,0.696000,500,phase2_10class,phase2,unknown,False,per-class labels match Phase 2 classes; excluded from comparable trajectory because n=500
logs/phase2/eval_phase2_iter6_notiebreak_2026-05-12_13-36-10.json,phase2,phase2_iter6_notiebreak,2026-05-12_13-36-10,0.336000,0.696000,500,phase2_10class,phase2,unknown,False,per-class labels match Phase 2 classes; excluded from comparable trajectory because n=500
logs/phase2/eval_phase2_iter6_train_detail_2026-05-12_13-45-07.json,phase2,phase2_iter6_train_detail,2026-05-12_13-45-07,0.336500,0.693500,2000,phase2_10class,phase2,train,True,per-class labels match Phase 2 classes; 2000-sample full Phase 2 eval
logs/phase2/eval_phase2_iter6_train_full_2026-05-12_13-39-16.json,phase2,phase2_iter6_train_full,2026-05-12_13-39-16,0.336500,0.693500,2000,phase2_10class,phase2,train,True,per-class labels match Phase 2 classes; 2000-sample full Phase 2 eval
logs/phase2/eval_phase2_iter6_val_detail_2026-05-12_13-47-20.json,phase2,phase2_iter6_val_detail,2026-05-12_13-47-20,0.328000,0.688000,2000,phase2_10class,phase2,val,True,per-class labels match Phase 2 classes; 2000-sample full Phase 2 eval
logs/phase2/eval_phase2_iter6_val_full_2026-05-12_13-42-20.json,phase2,phase2_iter6_val_full,2026-05-12_13-42-20,0.328000,0.688000,2000,phase2_10class,phase2,val,True,per-class labels match Phase 2 classes; 2000-sample full Phase 2 eval
logs/phase2/eval_phase2_iter6a_2026-05-12_17-09-46.json,phase2,phase2_iter6a,2026-05-12_17-09-46,0.447000,0.724500,2000,phase2_10class,phase2,unknown,True,per-class labels match Phase 2 classes; 2000-sample full Phase 2 eval
logs/phase2/eval_phase2_iter6b_2026-05-12_17-13-44.json,phase2,phase2_iter6b,2026-05-12_17-13-44,0.449000,0.727000,2000,phase2_10class,phase2,unknown,True,per-class labels match Phase 2 classes; 2000-sample full Phase 2 eval
logs/phase2/eval_phase2_iter6b_verify_2026-05-12_17-17-56.json,phase2,phase2_iter6b_verify,2026-05-12_17-17-56,0.449000,0.727000,2000,phase2_10class,phase2,unknown,True,per-class labels match Phase 2 classes; 2000-sample full Phase 2 eval
logs/phase2/eval_phase2_iter6c_2026-05-12_17-16-57.json,phase2,phase2_iter6c,2026-05-12_17-16-57,0.442500,0.723500,2000,phase2_10class,phase2,unknown,True,per-class labels match Phase 2 classes; 2000-sample full Phase 2 eval
logs/phase2/eval_phase2_iter6d_2026-05-12_17-18-53.json,phase2,phase2_iter6d,2026-05-12_17-18-53,0.448500,0.725000,2000,phase2_10class,phase2,unknown,True,per-class labels match Phase 2 classes; 2000-sample full Phase 2 eval
logs/phase2/eval_phase2_iter6e_2026-05-12_17-19-51.json,phase2,phase2_iter6e,2026-05-12_17-19-51,0.450000,0.725500,2000,phase2_10class,phase2,unknown,True,per-class labels match Phase 2 classes; 2000-sample full Phase 2 eval
logs/phase2/eval_phase2_iter6e_v2_2026-05-12_17-26-34.json,phase2,phase2_iter6e_v2,2026-05-12_17-26-34,0.450000,0.725500,2000,phase2_10class,phase2,unknown,True,per-class labels match Phase 2 classes; 2000-sample full Phase 2 eval
logs/phase2/eval_phase2_iter6f_2026-05-12_17-21-37.json,phase2,phase2_iter6f,2026-05-12_17-21-37,0.449000,0.725500,2000,phase2_10class,phase2,unknown,True,per-class labels match Phase 2 classes; 2000-sample full Phase 2 eval
logs/phase2/eval_phase2_iter6g_2026-05-12_17-25-33.json,phase2,phase2_iter6g,2026-05-12_17-25-33,0.443500,0.721000,2000,phase2_10class,phase2,unknown,True,per-class labels match Phase 2 classes; 2000-sample full Phase 2 eval
logs/phase2/eval_phase2_iter7_2026-05-12_13-50-22.json,phase2,phase2_iter7,2026-05-12_13-50-22,0.336000,0.690000,500,phase2_10class,phase2,unknown,False,per-class labels match Phase 2 classes; excluded from comparable trajectory because n=500
logs/phase2/eval_phase2_iter7a_2026-05-12_17-38-08.json,phase2,phase2_iter7a,2026-05-12_17-38-08,0.442500,0.722500,2000,phase2_10class,phase2,unknown,True,per-class labels match Phase 2 classes; 2000-sample full Phase 2 eval
logs/phase2/eval_phase2_iter7b_2026-05-12_13-51-00.json,phase2,phase2_iter7b,2026-05-12_13-51-00,0.336000,0.690000,500,phase2_10class,phase2,unknown,False,per-class labels match Phase 2 classes; excluded from comparable trajectory because n=500
logs/phase2/eval_phase2_iter7b_2026-05-12_17-40-45.json,phase2,phase2_iter7b,2026-05-12_17-40-45,0.450500,0.722500,2000,phase2_10class,phase2,unknown,True,per-class labels match Phase 2 classes; 2000-sample full Phase 2 eval
logs/phase2/eval_phase2_iter7b_val_2026-05-12_17-41-39.json,phase2,phase2_iter7b_val,2026-05-12_17-41-39,0.448500,0.725500,2000,phase2_10class,phase2,val,True,per-class labels match Phase 2 classes; 2000-sample full Phase 2 eval
logs/phase2/eval_phase2_iter7c_val_2026-05-12_17-44-00.json,phase2,phase2_iter7c_val,2026-05-12_17-44-00,0.456500,0.725500,2000,phase2_10class,phase2,val,True,per-class labels match Phase 2 classes; 2000-sample full Phase 2 eval
logs/phase2/eval_phase2_iter7d_val_2026-05-12_17-47-18.json,phase2,phase2_iter7d_val,2026-05-12_17-47-18,0.453500,0.731000,2000,phase2_10class,phase2,val,True,per-class labels match Phase 2 classes; 2000-sample full Phase 2 eval
logs/phase2/eval_phase2_iter7e_val_2026-05-12_17-51-18.json,phase2,phase2_iter7e_val,2026-05-12_17-51-18,0.458000,0.721500,2000,phase2_10class,phase2,val,True,per-class labels match Phase 2 classes; 2000-sample full Phase 2 eval
logs/phase2/eval_phase2_iter7f_val_2026-05-12_17-52-15.json,phase2,phase2_iter7f_val,2026-05-12_17-52-15,0.458000,0.722000,2000,phase2_10class,phase2,val,True,per-class labels match Phase 2 classes; 2000-sample full Phase 2 eval
logs/phase2/eval_phase2_iter7g_val_2026-05-12_17-53-08.json,phase2,phase2_iter7g_val,2026-05-12_17-53-08,0.458500,0.722500,2000,phase2_10class,phase2,val,True,per-class labels match Phase 2 classes; 2000-sample full Phase 2 eval
logs/phase2/eval_phase2_iter8_enriched_2026-05-12_14-06-45.json,phase2,phase2_iter8_enriched,2026-05-12_14-06-45,0.348000,0.736000,500,phase2_10class,phase2,unknown,False,per-class labels match Phase 2 classes; excluded from comparable trajectory because n=500
logs/phase2/eval_phase2_iter8_full2_2026-05-12_14-21-33.json,phase2,phase2_iter8_full2,2026-05-12_14-21-33,0.345000,0.728000,2000,phase2_10class,phase2,unknown,True,per-class labels match Phase 2 classes; 2000-sample full Phase 2 eval
logs/phase2/eval_phase2_iter8_full_2026-05-12_14-13-11.json,phase2,phase2_iter8_full,2026-05-12_14-13-11,0.345000,0.728000,2000,phase2_10class,phase2,unknown,True,per-class labels match Phase 2 classes; 2000-sample full Phase 2 eval
logs/phase2/eval_phase2_iter8_val2_2026-05-12_14-26-35.json,phase2,phase2_iter8_val2,2026-05-12_14-26-35,0.332500,0.705000,2000,phase2_10class,phase2,unknown,True,per-class labels match Phase 2 classes; 2000-sample full Phase 2 eval
logs/phase2/eval_phase2_iter8_val_2026-05-12_14-17-07.json,phase2,phase2_iter8_val,2026-05-12_14-17-07,0.332500,0.705000,2000,phase2_10class,phase2,val,True,per-class labels match Phase 2 classes; 2000-sample full Phase 2 eval
logs/phase2/eval_phase2_iter8a_2026-05-12_18-20-44.json,phase2,phase2_iter8a,2026-05-12_18-20-44,0.414500,0.704000,2000,phase2_10class,phase2,unknown,True,per-class labels match Phase 2 classes; 2000-sample full Phase 2 eval
logs/phase2/eval_phase2_iter8b_2026-05-12_14-07-59.json,phase2,phase2_iter8b,2026-05-12_14-07-59,0.348000,0.736000,500,phase2_10class,phase2,unknown,False,per-class labels match Phase 2 classes; excluded from comparable trajectory because n=500
logs/phase2/eval_phase2_iter9_detail2_2026-05-12_14-39-40.json,phase2,phase2_iter9_detail2,2026-05-12_14-39-40,0.334000,0.686500,2000,phase2_10class,phase2,unknown,True,per-class labels match Phase 2 classes; 2000-sample full Phase 2 eval
logs/phase2/eval_phase2_iter9_detail_2026-05-12_14-38-15.json,phase2,phase2_iter9_detail,2026-05-12_14-38-15,0.346500,0.707500,2000,phase2_10class,phase2,unknown,True,per-class labels match Phase 2 classes; 2000-sample full Phase 2 eval
logs/phase2/eval_phase2_iter9_full_2026-05-12_14-34-00.json,phase2,phase2_iter9_full,2026-05-12_14-34-00,0.346500,0.707500,2000,phase2_10class,phase2,unknown,True,per-class labels match Phase 2 classes; 2000-sample full Phase 2 eval
logs/phase2/eval_phase2_iter9_val_2026-05-12_14-37-05.json,phase2,phase2_iter9_val,2026-05-12_14-37-05,0.334000,0.686500,2000,phase2_10class,phase2,val,True,per-class labels match Phase 2 classes; 2000-sample full Phase 2 eval
logs/phase2/eval_phase2_iter9a_2026-05-12_18-35-46.json,phase2,phase2_iter9a,2026-05-12_18-35-46,0.427500,0.730500,2000,phase2_10class,phase2,unknown,True,per-class labels match Phase 2 classes; 2000-sample full Phase 2 eval
logs/phase2/eval_phase2_iter9b_2026-05-12_18-40-19.json,phase2,phase2_iter9b,2026-05-12_18-40-19,0.429000,0.729500,2000,phase2_10class,phase2,unknown,True,per-class labels match Phase 2 classes; 2000-sample full Phase 2 eval
logs/phase2/eval_phase2_iter9c_2026-05-12_18-44-25.json,phase2,phase2_iter9c,2026-05-12_18-44-25,0.430000,0.727000,2000,phase2_10class,phase2,unknown,True,per-class labels match Phase 2 classes; 2000-sample full Phase 2 eval
logs/phase2/eval_phase2_iter9c_val_2026-05-12_18-48-49.json,phase2,phase2_iter9c_val,2026-05-12_18-48-49,0.446000,0.728500,2000,phase2_10class,phase2,val,True,per-class labels match Phase 2 classes; 2000-sample full Phase 2 eval
logs/phase2/eval_phase2_iter9d_2026-05-12_18-58-06.json,phase2,phase2_iter9d,2026-05-12_18-58-06,0.432000,0.734000,2000,phase2_10class,phase2,unknown,True,per-class labels match Phase 2 classes; 2000-sample full Phase 2 eval
logs/phase2/eval_phase2_iter9d_val_2026-05-12_19-01-46.json,phase2,phase2_iter9d_val,2026-05-12_19-01-46,0.449500,0.730500,2000,phase2_10class,phase2,val,True,per-class labels match Phase 2 classes; 2000-sample full Phase 2 eval
logs/phase2/eval_phase2_iter9e_val_2026-05-12_19-06-04.json,phase2,phase2_iter9e_val,2026-05-12_19-06-04,0.443500,0.729500,2000,phase2_10class,phase2,val,True,per-class labels match Phase 2 classes; 2000-sample full Phase 2 eval
logs/phase2/eval_phase2_iter9f_val_2026-05-12_19-10-15.json,phase2,phase2_iter9f_val,2026-05-12_19-10-15,0.445000,0.732500,2000,phase2_10class,phase2,val,True,per-class labels match Phase 2 classes; 2000-sample full Phase 2 eval
logs/phase2/eval_phase2_multiway2_2026-05-12_16-16-45.json,phase2,phase2_multiway2,2026-05-12_16-16-45,0.374500,0.732500,2000,phase2_10class,phase2,unknown,True,per-class labels match Phase 2 classes; 2000-sample full Phase 2 eval
logs/phase2/eval_phase2_multiway_2026-05-12_16-15-45.json,phase2,phase2_multiway,2026-05-12_16-15-45,0.367000,0.733500,2000,phase2_10class,phase2,unknown,True,per-class labels match Phase 2 classes; 2000-sample full Phase 2 eval
logs/phase2/eval_phase2_pure_sig_2026-05-12_16-03-10.json,phase2,phase2_pure_sig,2026-05-12_16-03-10,0.371500,0.714000,2000,phase2_10class,phase2,unknown,True,per-class labels match Phase 2 classes; 2000-sample full Phase 2 eval
logs/phase2/eval_phase2_restored2_2026-05-12_16-17-52.json,phase2,phase2_restored2,2026-05-12_16-17-52,0.377000,0.730000,2000,phase2_10class,phase2,unknown,True,per-class labels match Phase 2 classes; 2000-sample full Phase 2 eval
logs/phase2/eval_phase2_restored_2026-05-12_16-09-08.json,phase2,phase2_restored,2026-05-12_16-09-08,0.378000,0.721000,2000,phase2_10class,phase2,unknown,True,per-class labels match Phase 2 classes; 2000-sample full Phase 2 eval
logs/phase2/eval_phase2_session5_val_2026-05-13_19-46-48.json,phase2,phase2_session5_val,2026-05-13_19-46-48,0.503000,0.751500,2000,phase2_10class,phase2,val,True,per-class labels match Phase 2 classes; 2000-sample full Phase 2 eval
logs/phase2/eval_phase2_spatial_baseline_2026-05-12_15-41-45.json,phase2,phase2_spatial_baseline,2026-05-12_15-41-45,0.362500,0.715000,2000,phase2_10class,phase2,unknown,True,per-class labels match Phase 2 classes; 2000-sample full Phase 2 eval
logs/phase2/eval_phase2_spatial_pre_2026-05-12_15-43-48.json,phase2,phase2_spatial_pre,2026-05-12_15-43-48,0.362500,0.715000,2000,phase2_10class,phase2,unknown,True,per-class labels match Phase 2 classes; 2000-sample full Phase 2 eval
logs/phase2/eval_phase2_spatial_pre_2026-05-12_15-46-21.json,phase2,phase2_spatial_pre,2026-05-12_15-46-21,0.362500,0.715000,2000,phase2_10class,phase2,unknown,True,per-class labels match Phase 2 classes; 2000-sample full Phase 2 eval
logs/phase2/eval_phase2_spatial_v1_2026-05-12_15-55-41.json,phase2,phase2_spatial_v1,2026-05-12_15-55-41,0.378000,0.721000,2000,phase2_10class,phase2,unknown,True,per-class labels match Phase 2 classes; 2000-sample full Phase 2 eval
logs/phase2/eval_phase2_top4_rerank_2026-05-12_16-19-25.json,phase2,phase2_top4_rerank,2026-05-12_16-19-25,0.355500,0.728500,2000,phase2_10class,phase2,unknown,True,per-class labels match Phase 2 classes; 2000-sample full Phase 2 eval
logs/phase2/eval_phase2_train_current_2026-05-13_11-24-19.json,phase2,phase2_train_current,2026-05-13_11-24-19,0.487500,0.754500,2000,phase2_10class,phase2,train,True,per-class labels match Phase 2 classes; 2000-sample full Phase 2 eval
logs/phase2/eval_phase2_val_baseline2_2026-05-12_13-33-41.json,phase2,phase2_val_baseline2,2026-05-12_13-33-41,0.342000,0.686000,500,phase2_10class,phase2,val,False,per-class labels match Phase 2 classes; excluded from comparable trajectory because n=500
logs/phase2/eval_phase2_val_baseline_2026-05-12_13-33-07.json,phase2,phase2_val_baseline,2026-05-12_13-33-07,0.342000,0.686000,500,phase2_10class,phase2,val,False,per-class labels match Phase 2 classes; excluded from comparable trajectory because n=500
logs/phase2/eval_phase2_verify_19e_2026-05-13_20-47-50.json,phase2,phase2_verify_19e,2026-05-13_20-47-50,0.519000,0.752500,2000,phase2_10class,phase2,unknown,True,per-class labels match Phase 2 classes; 2000-sample full Phase 2 eval
logs/phase2/eval_phase2_wider_margin_2026-05-12_16-13-09.json,phase2,phase2_wider_margin,2026-05-12_16-13-09,0.381000,0.730000,2000,phase2_10class,phase2,unknown,True,per-class labels match Phase 2 classes; 2000-sample full Phase 2 eval
logs/phase2/eval_potential_field_v1_2026-05-15_03-53-49.json,phase2,potential_field_v1,2026-05-15_03-53-49,0.515000,0.761000,2000,phase2_10class,phase2,unknown,True,per-class labels match Phase 2 classes; 2000-sample full Phase 2 eval
logs/phase2/eval_potential_field_v2_2026-05-15_03-58-55.json,phase2,potential_field_v2,2026-05-15_03-58-55,0.515000,0.761000,2000,phase2_10class,phase2,unknown,True,per-class labels match Phase 2 classes; 2000-sample full Phase 2 eval
logs/phase2/eval_potential_field_v3_2026-05-15_04-04-19.json,phase2,potential_field_v3,2026-05-15_04-04-19,0.516500,0.761000,2000,phase2_10class,phase2,unknown,True,per-class labels match Phase 2 classes; 2000-sample full Phase 2 eval
logs/phase2/eval_proto_blend_2026-05-15_19-33-14.json,phase2,proto_blend,2026-05-15_19-33-14,0.535500,0.774500,2000,phase2_10class,phase2,unknown,True,per-class labels match Phase 2 classes; 2000-sample full Phase 2 eval
logs/phase2/eval_proto_bonus_2026-05-15_22-19-32.json,phase2,proto_bonus,2026-05-15_22-19-32,0.549000,0.770500,2000,phase2_10class,phase2,unknown,True,per-class labels match Phase 2 classes; 2000-sample full Phase 2 eval
logs/phase2/eval_proto_extended_2026-05-15_21-45-19.json,phase2,proto_extended,2026-05-15_21-45-19,0.550500,0.770000,2000,phase2_10class,phase2,unknown,True,per-class labels match Phase 2 classes; 2000-sample full Phase 2 eval
logs/phase2/eval_proto_jelly_kp_2026-05-15_20-38-35.json,phase2,proto_jelly_kp,2026-05-15_20-38-35,0.544000,0.768500,2000,phase2_10class,phase2,unknown,True,per-class labels match Phase 2 classes; 2000-sample full Phase 2 eval
logs/phase2/eval_proto_ob_080_2026-05-15_20-47-00.json,phase2,proto_ob_080,2026-05-15_20-47-00,0.546500,0.768500,2000,phase2_10class,phase2,unknown,True,per-class labels match Phase 2 classes; 2000-sample full Phase 2 eval
logs/phase2/eval_proto_orange_ban_2026-05-15_20-30-29.json,phase2,proto_orange_ban,2026-05-15_20-30-29,0.546500,0.768500,2000,phase2_10class,phase2,unknown,True,per-class labels match Phase 2 classes; 2000-sample full Phase 2 eval
logs/phase2/eval_proto_orange_mush_2026-05-15_20-42-48.json,phase2,proto_orange_mush,2026-05-15_20-42-48,0.546500,0.768500,2000,phase2_10class,phase2,unknown,True,per-class labels match Phase 2 classes; 2000-sample full Phase 2 eval
logs/phase2/eval_proto_tiebreak_2026-05-15_21-40-28.json,phase2,proto_tiebreak,2026-05-15_21-40-28,0.520000,0.770000,2000,phase2_10class,phase2,unknown,True,per-class labels match Phase 2 classes; 2000-sample full Phase 2 eval
logs/phase2/eval_proto_verify_2026-05-15_20-25-59.json,phase2,proto_verify,2026-05-15_20-25-59,0.540000,0.768500,2000,phase2_10class,phase2,unknown,True,per-class labels match Phase 2 classes; 2000-sample full Phase 2 eval
logs/phase2/eval_proto_w025_2026-05-15_19-38-05.json,phase2,proto_w025,2026-05-15_19-38-05,0.539000,0.770500,2000,phase2_10class,phase2,unknown,True,per-class labels match Phase 2 classes; 2000-sample full Phase 2 eval
logs/phase2/eval_prox_050_2026-05-15_22-42-23.json,phase2,prox_050,2026-05-15_22-42-23,0.551000,0.770000,2000,phase2_10class,phase2,unknown,True,per-class labels match Phase 2 classes; 2000-sample full Phase 2 eval
logs/phase2/eval_prox_055_2026-05-18_08-33-01.json,phase2,prox_055,2026-05-18_08-33-01,0.685000,0.798000,2000,phase2_10class,phase2,unknown,True,per-class labels match Phase 2 classes; 2000-sample full Phase 2 eval
logs/phase2/eval_prox_05_2026-05-18_10-54-38.json,phase2,prox_05,2026-05-18_10-54-38,0.687500,0.799500,2000,phase2_10class,phase2,unknown,True,per-class labels match Phase 2 classes; 2000-sample full Phase 2 eval
logs/phase2/eval_r12_032_2026-05-18_08-29-29.json,phase2,r12_032,2026-05-18_08-29-29,0.685000,0.798000,2000,phase2_10class,phase2,unknown,True,per-class labels match Phase 2 classes; 2000-sample full Phase 2 eval
logs/phase2/eval_r12_gate_032_2026-05-18_07-37-53.json,phase2,r12_gate_032,2026-05-18_07-37-53,0.681000,0.796500,2000,phase2_10class,phase2,unknown,True,per-class labels match Phase 2 classes; 2000-sample full Phase 2 eval
logs/phase2/eval_r12_gate_032_2026-05-18_11-47-29.json,phase2,r12_gate_032,2026-05-18_11-47-29,0.700000,0.810500,2000,phase2_10class,phase2,unknown,True,per-class labels match Phase 2 classes; 2000-sample full Phase 2 eval
logs/phase2/eval_r12_mult_14_2026-05-18_07-36-07.json,phase2,r12_mult_14,2026-05-18_07-36-07,0.680500,0.796500,2000,phase2_10class,phase2,unknown,True,per-class labels match Phase 2 classes; 2000-sample full Phase 2 eval
logs/phase2/eval_r12_mult_14_2026-05-18_08-35-31.json,phase2,r12_mult_14,2026-05-18_08-35-31,0.683000,0.798000,2000,phase2_10class,phase2,unknown,True,per-class labels match Phase 2 classes; 2000-sample full Phase 2 eval
logs/phase2/eval_r12_mult_14_2026-05-18_10-52-49.json,phase2,r12_mult_14,2026-05-18_10-52-49,0.689000,0.801000,2000,phase2_10class,phase2,unknown,True,per-class labels match Phase 2 classes; 2000-sample full Phase 2 eval
logs/phase2/eval_r3_032_2026-05-18_08-23-32.json,phase2,r3_032,2026-05-18_08-23-32,0.686000,0.798500,2000,phase2_10class,phase2,unknown,True,per-class labels match Phase 2 classes; 2000-sample full Phase 2 eval
logs/phase2/eval_r3_034_2026-05-18_08-25-36.json,phase2,r3_034,2026-05-18_08-25-36,0.684000,0.796500,2000,phase2_10class,phase2,unknown,True,per-class labels match Phase 2 classes; 2000-sample full Phase 2 eval
logs/phase2/eval_r3_gate_017_2026-05-18_07-41-59.json,phase2,r3_gate_017,2026-05-18_07-41-59,0.683000,0.796000,2000,phase2_10class,phase2,unknown,True,per-class labels match Phase 2 classes; 2000-sample full Phase 2 eval
logs/phase2/eval_r3_gate_018_2026-05-18_07-46-14.json,phase2,r3_gate_018,2026-05-18_07-46-14,0.683500,0.796000,2000,phase2_10class,phase2,unknown,True,per-class labels match Phase 2 classes; 2000-sample full Phase 2 eval
logs/phase2/eval_r3_gate_019_2026-05-18_07-50-20.json,phase2,r3_gate_019,2026-05-18_07-50-20,0.683500,0.795500,2000,phase2_10class,phase2,unknown,True,per-class labels match Phase 2 classes; 2000-sample full Phase 2 eval
logs/phase2/eval_r3_gate_020_2026-05-18_07-48-21.json,phase2,r3_gate_020,2026-05-18_07-48-21,0.682500,0.795000,2000,phase2_10class,phase2,unknown,True,per-class labels match Phase 2 classes; 2000-sample full Phase 2 eval
logs/phase2/eval_r3_gate_035_2026-05-18_11-45-35.json,phase2,r3_gate_035,2026-05-18_11-45-35,0.700000,0.810500,2000,phase2_10class,phase2,unknown,True,per-class labels match Phase 2 classes; 2000-sample full Phase 2 eval
logs/phase2/eval_r3_margin_030_2026-05-18_08-04-30.json,phase2,r3_margin_030,2026-05-18_08-04-30,0.685000,0.797500,2000,phase2_10class,phase2,unknown,True,per-class labels match Phase 2 classes; 2000-sample full Phase 2 eval
logs/phase2/eval_r3_mult_17_2026-05-18_08-31-31.json,phase2,r3_mult_17,2026-05-18_08-31-31,0.685000,0.798000,2000,phase2_10class,phase2,unknown,True,per-class labels match Phase 2 classes; 2000-sample full Phase 2 eval
logs/phase2/eval_r3_mult_18_2026-05-18_07-34-16.json,phase2,r3_mult_18,2026-05-18_07-34-16,0.680000,0.796500,2000,phase2_10class,phase2,unknown,True,per-class labels match Phase 2 classes; 2000-sample full Phase 2 eval
logs/phase2/eval_r3_mult_20_2026-05-18_07-32-18.json,phase2,r3_mult_20,2026-05-18_07-32-18,0.681000,0.797000,2000,phase2_10class,phase2,unknown,True,per-class labels match Phase 2 classes; 2000-sample full Phase 2 eval
logs/phase2/eval_r3_mult_21_2026-05-18_08-33-35.json,phase2,r3_mult_21,2026-05-18_08-33-35,0.685000,0.799000,2000,phase2_10class,phase2,unknown,True,per-class labels match Phase 2 classes; 2000-sample full Phase 2 eval
logs/phase2/eval_r3_rerank_030_2026-05-18_07-59-31.json,phase2,r3_rerank_030,2026-05-18_07-59-31,0.685500,0.798000,2000,phase2_10class,phase2,unknown,True,per-class labels match Phase 2 classes; 2000-sample full Phase 2 eval
logs/phase2/eval_r3v_020_2026-05-18_08-39-24.json,phase2,r3v_020,2026-05-18_08-39-24,0.686000,0.798500,2000,phase2_10class,phase2,unknown,True,per-class labels match Phase 2 classes; 2000-sample full Phase 2 eval
logs/phase2/eval_r3v_022_2026-05-18_08-41-00.json,phase2,r3v_022,2026-05-18_08-41-00,0.686000,0.798000,2000,phase2_10class,phase2,unknown,True,per-class labels match Phase 2 classes; 2000-sample full Phase 2 eval
logs/phase2/eval_r3v_025_2026-05-18_08-42-49.json,phase2,r3v_025,2026-05-18_08-42-49,0.686500,0.798000,2000,phase2_10class,phase2,unknown,True,per-class labels match Phase 2 classes; 2000-sample full Phase 2 eval
logs/phase2/eval_r3v_028_2026-05-18_08-44-35.json,phase2,r3v_028,2026-05-18_08-44-35,0.686500,0.798000,2000,phase2_10class,phase2,unknown,True,per-class labels match Phase 2 classes; 2000-sample full Phase 2 eval
logs/phase2/eval_r3v_028_2026-05-18_10-38-25.json,phase2,r3v_028,2026-05-18_10-38-25,0.689500,0.801000,2000,phase2_10class,phase2,unknown,True,per-class labels match Phase 2 classes; 2000-sample full Phase 2 eval
logs/phase2/eval_r3v_030_2026-05-18_08-46-19.json,phase2,r3v_030,2026-05-18_08-46-19,0.686500,0.797500,2000,phase2_10class,phase2,unknown,True,per-class labels match Phase 2 classes; 2000-sample full Phase 2 eval
logs/phase2/eval_r3v_030_2026-05-18_10-40-14.json,phase2,r3v_030,2026-05-18_10-40-14,0.689500,0.800500,2000,phase2_10class,phase2,unknown,True,per-class labels match Phase 2 classes; 2000-sample full Phase 2 eval
logs/phase2/eval_r3wl_remove_neg_2026-05-18_12-14-44.json,phase2,r3wl_remove_neg,2026-05-18_12-14-44,0.699500,0.810000,2000,phase2_10class,phase2,unknown,True,per-class labels match Phase 2 classes; 2000-sample full Phase 2 eval
logs/phase2/eval_r4_032_2026-05-18_08-27-33.json,phase2,r4_032,2026-05-18_08-27-33,0.685500,0.797500,2000,phase2_10class,phase2,unknown,True,per-class labels match Phase 2 classes; 2000-sample full Phase 2 eval
logs/phase2/eval_r4_gate_018_2026-05-18_07-52-33.json,phase2,r4_gate_018,2026-05-18_07-52-33,0.685500,0.797500,2000,phase2_10class,phase2,unknown,True,per-class labels match Phase 2 classes; 2000-sample full Phase 2 eval
logs/phase2/eval_r4_wl_expand_2026-05-18_12-07-10.json,phase2,r4_wl_expand,2026-05-18_12-07-10,0.697000,0.809500,2000,phase2_10class,phase2,unknown,True,per-class labels match Phase 2 classes; 2000-sample full Phase 2 eval
logs/phase2/eval_r4rerank_032_2026-05-18_08-16-08.json,phase2,r4rerank_032,2026-05-18_08-16-08,0.685500,0.797500,2000,phase2_10class,phase2,unknown,True,per-class labels match Phase 2 classes; 2000-sample full Phase 2 eval
logs/phase2/eval_r4v_025_2026-05-18_08-48-16.json,phase2,r4v_025,2026-05-18_08-48-16,0.687500,0.799000,2000,phase2_10class,phase2,unknown,True,per-class labels match Phase 2 classes; 2000-sample full Phase 2 eval
logs/phase2/eval_r4v_028_2026-05-18_08-49-59.json,phase2,r4v_028,2026-05-18_08-49-59,0.688500,0.800000,2000,phase2_10class,phase2,unknown,True,per-class labels match Phase 2 classes; 2000-sample full Phase 2 eval
logs/phase2/eval_r4v_030_2026-05-18_08-51-41.json,phase2,r4v_030,2026-05-18_08-51-41,0.688500,0.800000,2000,phase2_10class,phase2,unknown,True,per-class labels match Phase 2 classes; 2000-sample full Phase 2 eval
logs/phase2/eval_r4v_030b_2026-05-18_10-50-45.json,phase2,r4v_030b,2026-05-18_10-50-45,0.689500,0.801000,2000,phase2_10class,phase2,unknown,True,per-class labels match Phase 2 classes; 2000-sample full Phase 2 eval
logs/phase2/eval_r5_018_2026-05-18_08-37-34.json,phase2,r5_018,2026-05-18_08-37-34,0.679000,0.796500,2000,phase2_10class,phase2,unknown,True,per-class labels match Phase 2 classes; 2000-sample full Phase 2 eval
logs/phase2/eval_r5_bear_gr_115_2026-05-18_11-00-19.json,phase2,r5_bear_gr_115,2026-05-18_11-00-19,0.689500,0.801000,2000,phase2_10class,phase2,unknown,True,per-class labels match Phase 2 classes; 2000-sample full Phase 2 eval
logs/phase2/eval_r5_bear_gr_cbr_2026-05-18_10-58-40.json,phase2,r5_bear_gr_cbr,2026-05-18_10-58-40,0.689500,0.801000,2000,phase2_10class,phase2,unknown,True,per-class labels match Phase 2 classes; 2000-sample full Phase 2 eval
logs/phase2/eval_r5_gate_018_2026-05-18_07-54-50.json,phase2,r5_gate_018,2026-05-18_07-54-50,0.684000,0.796000,2000,phase2_10class,phase2,unknown,True,per-class labels match Phase 2 classes; 2000-sample full Phase 2 eval
logs/phase2/eval_r5rerank_018_2026-05-18_08-18-31.json,phase2,r5rerank_018,2026-05-18_08-18-31,0.685000,0.797000,2000,phase2_10class,phase2,unknown,True,per-class labels match Phase 2 classes; 2000-sample full Phase 2 eval
logs/phase2/eval_r5v_025_2026-05-18_08-53-45.json,phase2,r5v_025,2026-05-18_08-53-45,0.689500,0.801000,2000,phase2_10class,phase2,unknown,True,per-class labels match Phase 2 classes; 2000-sample full Phase 2 eval
logs/phase2/eval_r5v_028_2026-05-18_08-55-28.json,phase2,r5v_028,2026-05-18_08-55-28,0.688500,0.800000,2000,phase2_10class,phase2,unknown,True,per-class labels match Phase 2 classes; 2000-sample full Phase 2 eval
logs/phase2/eval_r5v_028_v2_2026-05-18_11-41-05.json,phase2,r5v_028_v2,2026-05-18_11-41-05,0.699000,0.809500,2000,phase2_10class,phase2,unknown,True,per-class labels match Phase 2 classes; 2000-sample full Phase 2 eval
logs/phase2/eval_rank3_020_2026-05-15_20-59-35.json,phase2,rank3_020,2026-05-15_20-59-35,0.547500,0.768000,2000,phase2_10class,phase2,unknown,True,per-class labels match Phase 2 classes; 2000-sample full Phase 2 eval
logs/phase2/eval_rank3_025_2026-05-15_21-11-39.json,phase2,rank3_025,2026-05-15_21-11-39,0.549500,0.769000,2000,phase2_10class,phase2,unknown,True,per-class labels match Phase 2 classes; 2000-sample full Phase 2 eval
logs/phase2/eval_rank3_030_2026-05-15_21-23-49.json,phase2,rank3_030,2026-05-15_21-23-49,0.550500,0.770000,2000,phase2_10class,phase2,unknown,True,per-class labels match Phase 2 classes; 2000-sample full Phase 2 eval
logs/phase2/eval_rank4_018_2026-05-15_21-03-37.json,phase2,rank4_018,2026-05-15_21-03-37,0.548500,0.769000,2000,phase2_10class,phase2,unknown,True,per-class labels match Phase 2 classes; 2000-sample full Phase 2 eval
logs/phase2/eval_rank4_022_2026-05-15_21-15-39.json,phase2,rank4_022,2026-05-15_21-15-39,0.550500,0.770000,2000,phase2_10class,phase2,unknown,True,per-class labels match Phase 2 classes; 2000-sample full Phase 2 eval
logs/phase2/eval_rank4_expanded_2026-05-15_05-39-46.json,phase2,rank4_expanded,2026-05-15_05-39-46,0.518500,0.763000,2000,phase2_10class,phase2,unknown,True,per-class labels match Phase 2 classes; 2000-sample full Phase 2 eval
logs/phase2/eval_rank4_rerank_2026-05-15_05-29-37.json,phase2,rank4_rerank,2026-05-15_05-29-37,0.516500,0.761000,2000,phase2_10class,phase2,unknown,True,per-class labels match Phase 2 classes; 2000-sample full Phase 2 eval
logs/phase2/eval_rank4_wider_2026-05-15_05-34-42.json,phase2,rank4_wider,2026-05-15_05-34-42,0.518000,0.762500,2000,phase2_10class,phase2,unknown,True,per-class labels match Phase 2 classes; 2000-sample full Phase 2 eval
logs/phase2/eval_rank5_016_2026-05-15_21-07-37.json,phase2,rank5_016,2026-05-15_21-07-37,0.548000,0.768500,2000,phase2_10class,phase2,unknown,True,per-class labels match Phase 2 classes; 2000-sample full Phase 2 eval
logs/phase2/eval_rank5_018_2026-05-15_21-19-44.json,phase2,rank5_018,2026-05-15_21-19-44,0.550000,0.769500,2000,phase2_10class,phase2,unknown,True,per-class labels match Phase 2 classes; 2000-sample full Phase 2 eval
logs/phase2/eval_rank5_rerank_2026-05-15_11-12-44.json,phase2,rank5_rerank,2026-05-15_11-12-44,0.531500,0.767000,2000,phase2_10class,phase2,unknown,True,per-class labels match Phase 2 classes; 2000-sample full Phase 2 eval
logs/phase2/eval_recalib_2026-05-15_13-17-28.json,phase2,recalib,2026-05-15_13-17-28,0.533000,0.767000,2000,phase2_10class,phase2,unknown,True,per-class labels match Phase 2 classes; 2000-sample full Phase 2 eval
logs/phase2/eval_recalib_v2_2026-05-15_13-25-03.json,phase2,recalib_v2,2026-05-15_13-25-03,0.534000,0.768500,2000,phase2_10class,phase2,unknown,True,per-class labels match Phase 2 classes; 2000-sample full Phase 2 eval
logs/phase2/eval_recalibrated_2026-05-14_02-57-31.json,phase2,recalibrated,2026-05-14_02-57-31,0.487500,0.758000,2000,phase2_10class,phase2,unknown,True,per-class labels match Phase 2 classes; 2000-sample full Phase 2 eval
logs/phase2/eval_reduce_rerank_errors_2026-05-15_04-53-38.json,phase2,reduce_rerank_errors,2026-05-15_04-53-38,0.516500,0.761500,2000,phase2_10class,phase2,unknown,True,per-class labels match Phase 2 classes; 2000-sample full Phase 2 eval
logs/phase2/eval_reduce_rerank_errors_2026-05-15_04-57-39.json,phase2,reduce_rerank_errors,2026-05-15_04-57-39,0.516500,0.761500,2000,phase2_10class,phase2,unknown,True,per-class labels match Phase 2 classes; 2000-sample full Phase 2 eval
logs/phase2/eval_remove_bad_r5v_2026-05-18_11-04-27.json,phase2,remove_bad_r5v,2026-05-18_11-04-27,0.694500,0.806000,2000,phase2_10class,phase2,unknown,True,per-class labels match Phase 2 classes; 2000-sample full Phase 2 eval
logs/phase2/eval_remove_neg_r4v_2026-05-18_11-14-19.json,phase2,remove_neg_r4v,2026-05-18_11-14-19,0.699500,0.811000,2000,phase2_10class,phase2,unknown,True,per-class labels match Phase 2 classes; 2000-sample full Phase 2 eval
logs/phase2/eval_remove_neg_r5v_2026-05-18_11-09-53.json,phase2,remove_neg_r5v,2026-05-18_11-09-53,0.695500,0.807000,2000,phase2_10class,phase2,unknown,True,per-class labels match Phase 2 classes; 2000-sample full Phase 2 eval
logs/phase2/eval_repro_committed_2026-05-23_03-08-36.json,phase2,repro_committed,2026-05-23_03-08-36,0.700000,0.810500,2000,phase2_10class,phase2,unknown,True,per-class labels match Phase 2 classes; 2000-sample full Phase 2 eval
logs/phase2/eval_repro_train_2026-05-23_03-05-39.json,phase2,repro_train,2026-05-23_03-05-39,0.840000,0.869500,2000,phase2_10class,phase2,train,True,per-class labels match Phase 2 classes; 2000-sample full Phase 2 eval
logs/phase2/eval_repro_val_committed_2026-05-23_03-14-24.json,phase2,repro_val_committed,2026-05-23_03-14-24,0.494000,0.737000,2000,phase2_10class,phase2,val,True,per-class labels match Phase 2 classes; 2000-sample full Phase 2 eval
logs/phase2/eval_repro_val_working_2026-05-23_03-11-56.json,phase2,repro_val_working,2026-05-23_03-11-56,0.505500,0.741500,2000,phase2_10class,phase2,val,True,per-class labels match Phase 2 classes; 2000-sample full Phase 2 eval
logs/phase2/eval_repulse_06_2026-05-18_08-25-15.json,phase2,repulse_06,2026-05-18_08-25-15,0.684000,0.796500,2000,phase2_10class,phase2,unknown,True,per-class labels match Phase 2 classes; 2000-sample full Phase 2 eval
logs/phase2/eval_repulse_07_2026-05-18_08-27-09.json,phase2,repulse_07,2026-05-18_08-27-09,0.685500,0.797500,2000,phase2_10class,phase2,unknown,True,per-class labels match Phase 2 classes; 2000-sample full Phase 2 eval
logs/phase2/eval_repulse_08_2026-05-18_08-23-06.json,phase2,repulse_08,2026-05-18_08-23-06,0.686000,0.799000,2000,phase2_10class,phase2,unknown,True,per-class labels match Phase 2 classes; 2000-sample full Phase 2 eval
logs/phase2/eval_repulse_09_2026-05-18_08-29-02.json,phase2,repulse_09,2026-05-18_08-29-02,0.685000,0.798000,2000,phase2_10class,phase2,unknown,True,per-class labels match Phase 2 classes; 2000-sample full Phase 2 eval
logs/phase2/eval_repulsion_boost_2026-05-15_19-21-11.json,phase2,repulsion_boost,2026-05-15_19-21-11,0.542000,0.769500,2000,phase2_10class,phase2,unknown,True,per-class labels match Phase 2 classes; 2000-sample full Phase 2 eval
logs/phase2/eval_repulsion_v2_2026-05-15_13-48-46.json,phase2,repulsion_v2,2026-05-15_13-48-46,0.534500,0.768500,2000,phase2_10class,phase2,unknown,True,per-class labels match Phase 2 classes; 2000-sample full Phase 2 eval
logs/phase2/eval_repulsion_v3_2026-05-15_22-05-54.json,phase2,repulsion_v3,2026-05-15_22-05-54,0.551000,0.770500,2000,phase2_10class,phase2,unknown,True,per-class labels match Phase 2 classes; 2000-sample full Phase 2 eval
logs/phase2/eval_restored_1371_2026-05-18_08-13-44.json,phase2,restored_1371,2026-05-18_08-13-44,0.685500,0.798000,2000,phase2_10class,phase2,unknown,True,per-class labels match Phase 2 classes; 2000-sample full Phase 2 eval
logs/phase2/eval_restored_all_signals_2026-05-14_03-07-10.json,phase2,restored_all_signals,2026-05-14_03-07-10,0.483000,0.758000,2000,phase2_10class,phase2,unknown,True,per-class labels match Phase 2 classes; 2000-sample full Phase 2 eval
logs/phase2/eval_restored_calibration_2026-05-14_02-23-23.json,phase2,restored_calibration,2026-05-14_02-23-23,0.489500,0.756500,2000,phase2_10class,phase2,unknown,True,per-class labels match Phase 2 classes; 2000-sample full Phase 2 eval
logs/phase2/eval_restored_calibration_2026-05-14_02-30-29.json,phase2,restored_calibration,2026-05-14_02-30-29,0.489500,0.756500,2000,phase2_10class,phase2,unknown,True,per-class labels match Phase 2 classes; 2000-sample full Phase 2 eval
logs/phase2/eval_s_ban_gol_2026-05-18_08-04-57.json,phase2,s_ban_gol,2026-05-18_08-04-57,0.685500,0.798000,2000,phase2_10class,phase2,unknown,True,per-class labels match Phase 2 classes; 2000-sample full Phase 2 eval
logs/phase2/eval_s_kin_spo_2026-05-18_08-02-44.json,phase2,s_kin_spo,2026-05-18_08-02-44,0.685000,0.797500,2000,phase2_10class,phase2,unknown,True,per-class labels match Phase 2 classes; 2000-sample full Phase 2 eval
logs/phase2/eval_s_kin_tea_2026-05-18_07-53-25.json,phase2,s_kin_tea,2026-05-18_07-53-25,0.685500,0.797500,2000,phase2_10class,phase2,unknown,True,per-class labels match Phase 2 classes; 2000-sample full Phase 2 eval
logs/phase2/eval_s_mus_kin_2026-05-18_07-55-13.json,phase2,s_mus_kin,2026-05-18_07-55-13,0.685500,0.797500,2000,phase2_10class,phase2,unknown,True,per-class labels match Phase 2 classes; 2000-sample full Phase 2 eval
logs/phase2/eval_s_mus_spo_2026-05-18_08-00-50.json,phase2,s_mus_spo,2026-05-18_08-00-50,0.685500,0.797500,2000,phase2_10class,phase2,unknown,True,per-class labels match Phase 2 classes; 2000-sample full Phase 2 eval
logs/phase2/eval_s_ora_mus_2026-05-18_07-57-11.json,phase2,s_ora_mus,2026-05-18_07-57-11,0.685500,0.797500,2000,phase2_10class,phase2,unknown,True,per-class labels match Phase 2 classes; 2000-sample full Phase 2 eval
logs/phase2/eval_s_tea_sch_2026-05-18_07-59-05.json,phase2,s_tea_sch,2026-05-18_07-59-05,0.685500,0.798000,2000,phase2_10class,phase2,unknown,True,per-class labels match Phase 2 classes; 2000-sample full Phase 2 eval
logs/phase2/eval_sb_sc_000_2026-05-18_06-13-01.json,phase2,sb_sc_000,2026-05-18_06-13-01,0.678500,0.795500,2000,phase2_10class,phase2,unknown,True,per-class labels match Phase 2 classes; 2000-sample full Phase 2 eval
logs/phase2/eval_sb_sc_m005_2026-05-18_06-09-53.json,phase2,sb_sc_m005,2026-05-18_06-09-53,0.679000,0.795500,2000,phase2_10class,phase2,unknown,True,per-class labels match Phase 2 classes; 2000-sample full Phase 2 eval
logs/phase2/eval_sb_sc_m005_2026-05-18_07-25-33.json,phase2,sb_sc_m005,2026-05-18_07-25-33,0.681000,0.796500,2000,phase2_10class,phase2,unknown,True,per-class labels match Phase 2 classes; 2000-sample full Phase 2 eval
logs/phase2/eval_sc_sb_gabor_2026-05-18_04-44-40.json,phase2,sc_sb_gabor,2026-05-18_04-44-40,0.676500,0.796000,2000,phase2_10class,phase2,unknown,True,per-class labels match Phase 2 classes; 2000-sample full Phase 2 eval
logs/phase2/eval_scale12_120_2026-05-15_21-53-27.json,phase2,scale12_120,2026-05-15_21-53-27,0.549500,0.770000,2000,phase2_10class,phase2,unknown,True,per-class labels match Phase 2 classes; 2000-sample full Phase 2 eval
logs/phase2/eval_scale3_150_2026-05-15_21-57-33.json,phase2,scale3_150,2026-05-15_21-57-33,0.549500,0.769000,2000,phase2_10class,phase2,unknown,True,per-class labels match Phase 2 classes; 2000-sample full Phase 2 eval
logs/phase2/eval_scale4_250_2026-05-15_22-09-59.json,phase2,scale4_250,2026-05-15_22-09-59,0.550500,0.769500,2000,phase2_10class,phase2,unknown,True,per-class labels match Phase 2 classes; 2000-sample full Phase 2 eval
logs/phase2/eval_session11_baseline_2026-05-16_03-09-37.json,phase2,session11_baseline,2026-05-16_03-09-37,0.567000,0.770000,2000,phase2_10class,phase2,unknown,True,per-class labels match Phase 2 classes; 2000-sample full Phase 2 eval
logs/phase2/eval_session11_best_so_far_2026-05-16_05-23-19.json,phase2,session11_best_so_far,2026-05-16_05-23-19,0.569500,0.770000,2000,phase2_10class,phase2,unknown,True,per-class labels match Phase 2 classes; 2000-sample full Phase 2 eval
logs/phase2/eval_session11_calib_teapot_gr_2026-05-16_04-53-20.json,phase2,session11_calib_teapot_gr,2026-05-16_04-53-20,0.554000,0.769000,2000,phase2_10class,phase2,unknown,True,per-class labels match Phase 2 classes; 2000-sample full Phase 2 eval
logs/phase2/eval_session11_new_features_2026-05-16_04-26-01.json,phase2,session11_new_features,2026-05-16_04-26-01,0.560500,0.769000,2000,phase2_10class,phase2,unknown,True,per-class labels match Phase 2 classes; 2000-sample full Phase 2 eval
logs/phase2/eval_session11_new_gates_2026-05-16_05-08-29.json,phase2,session11_new_gates,2026-05-16_05-08-29,0.569500,0.770000,2000,phase2_10class,phase2,unknown,True,per-class labels match Phase 2 classes; 2000-sample full Phase 2 eval
logs/phase2/eval_session11_tuned_gates_2026-05-16_05-18-22.json,phase2,session11_tuned_gates,2026-05-16_05-18-22,0.568000,0.770000,2000,phase2_10class,phase2,unknown,True,per-class labels match Phase 2 classes; 2000-sample full Phase 2 eval
logs/phase2/eval_session11_verify_only_2026-05-16_04-36-33.json,phase2,session11_verify_only,2026-05-16_04-36-33,0.568000,0.770000,2000,phase2_10class,phase2,unknown,True,per-class labels match Phase 2 classes; 2000-sample full Phase 2 eval
logs/phase2/eval_session12_banora_base010_2026-05-16_07-34-45.json,phase2,session12_banora_base010,2026-05-16_07-34-45,0.573500,0.770000,2000,phase2_10class,phase2,unknown,True,per-class labels match Phase 2 classes; 2000-sample full Phase 2 eval
logs/phase2/eval_session12_banora_base020_2026-05-16_07-30-28.json,phase2,session12_banora_base020,2026-05-16_07-30-28,0.573000,0.770000,2000,phase2_10class,phase2,unknown,True,per-class labels match Phase 2 classes; 2000-sample full Phase 2 eval
logs/phase2/eval_session12_bear_gate_2026-05-16_06-55-26.json,phase2,session12_bear_gate,2026-05-16_06-55-26,0.573000,0.770000,2000,phase2_10class,phase2,unknown,True,per-class labels match Phase 2 classes; 2000-sample full Phase 2 eval
logs/phase2/eval_session12_final_2026-05-16_07-46-41.json,phase2,session12_final,2026-05-16_07-46-41,0.573500,0.770000,2000,phase2_10class,phase2,unknown,True,per-class labels match Phase 2 classes; 2000-sample full Phase 2 eval
logs/phase2/eval_session12_gr_bear_only_2026-05-16_05-55-04.json,phase2,session12_gr_bear_only,2026-05-16_05-55-04,0.572000,0.770000,2000,phase2_10class,phase2,unknown,True,per-class labels match Phase 2 classes; 2000-sample full Phase 2 eval
logs/phase2/eval_session12_gr_gate_040_2026-05-16_06-51-15.json,phase2,session12_gr_gate_040,2026-05-16_06-51-15,0.572500,0.770000,2000,phase2_10class,phase2,unknown,True,per-class labels match Phase 2 classes; 2000-sample full Phase 2 eval
logs/phase2/eval_session12_kp_gate_2026-05-16_06-59-48.json,phase2,session12_kp_gate,2026-05-16_06-59-48,0.567000,0.770000,2000,phase2_10class,phase2,unknown,True,per-class labels match Phase 2 classes; 2000-sample full Phase 2 eval
logs/phase2/eval_session12_multi_verify_2026-05-16_06-15-18.json,phase2,session12_multi_verify,2026-05-16_06-15-18,0.573500,0.770000,2000,phase2_10class,phase2,unknown,True,per-class labels match Phase 2 classes; 2000-sample full Phase 2 eval
logs/phase2/eval_session12_teapot_repulsion_2026-05-16_07-40-38.json,phase2,session12_teapot_repulsion,2026-05-16_07-40-38,0.573000,0.771500,2000,phase2_10class,phase2,unknown,True,per-class labels match Phase 2 classes; 2000-sample full Phase 2 eval
logs/phase2/eval_session12_tight_banora_2026-05-16_06-01-52.json,phase2,session12_tight_banora,2026-05-16_06-01-52,0.571500,0.770000,2000,phase2_10class,phase2,unknown,True,per-class labels match Phase 2 classes; 2000-sample full Phase 2 eval
logs/phase2/eval_session12_verify_banora_grbear_2026-05-16_05-49-30.json,phase2,session12_verify_banora_grbear,2026-05-16_05-49-30,0.573000,0.770000,2000,phase2_10class,phase2,unknown,True,per-class labels match Phase 2 classes; 2000-sample full Phase 2 eval
logs/phase2/eval_session12_verify_revert_2026-05-16_07-23-27.json,phase2,session12_verify_revert,2026-05-16_07-23-27,0.573500,0.770000,2000,phase2_10class,phase2,unknown,True,per-class labels match Phase 2 classes; 2000-sample full Phase 2 eval
logs/phase2/eval_session12_wider_whitelists_2026-05-16_07-18-57.json,phase2,session12_wider_whitelists,2026-05-16_07-18-57,0.565500,0.769500,2000,phase2_10class,phase2,unknown,True,per-class labels match Phase 2 classes; 2000-sample full Phase 2 eval
logs/phase2/eval_session13_3new_repulsion_2026-05-16_12-51-17.json,phase2,session13_3new_repulsion,2026-05-16_12-51-17,0.579000,0.770500,2000,phase2_10class,phase2,unknown,True,per-class labels match Phase 2 classes; 2000-sample full Phase 2 eval
logs/phase2/eval_session13_banana_gate44_2026-05-16_12-57-01.json,phase2,session13_banana_gate44,2026-05-16_12-57-01,0.578500,0.770500,2000,phase2_10class,phase2,unknown,True,per-class labels match Phase 2 classes; 2000-sample full Phase 2 eval
logs/phase2/eval_session13_banana_gate50_2026-05-16_12-54-22.json,phase2,session13_banana_gate50,2026-05-16_12-54-22,0.577000,0.770500,2000,phase2_10class,phase2,unknown,True,per-class labels match Phase 2 classes; 2000-sample full Phase 2 eval
logs/phase2/eval_session13_banana_orange_base_2026-05-16_11-45-29.json,phase2,session13_banana_orange_base,2026-05-16_11-45-29,0.578000,0.769500,2000,phase2_10class,phase2,unknown,True,per-class labels match Phase 2 classes; 2000-sample full Phase 2 eval
logs/phase2/eval_session13_banana_orange_base_m10_2026-05-16_11-48-09.json,phase2,session13_banana_orange_base_m10,2026-05-16_11-48-09,0.578000,0.769500,2000,phase2_10class,phase2,unknown,True,per-class labels match Phase 2 classes; 2000-sample full Phase 2 eval
logs/phase2/eval_session13_baseline_check_2026-05-16_09-54-05.json,phase2,session13_baseline_check,2026-05-16_09-54-05,0.577000,0.769500,2000,phase2_10class,phase2,unknown,True,per-class labels match Phase 2 classes; 2000-sample full Phase 2 eval
logs/phase2/eval_session13_bear_gr_base_m05_2026-05-16_11-50-41.json,phase2,session13_bear_gr_base_m05,2026-05-16_11-50-41,0.577500,0.769500,2000,phase2_10class,phase2,unknown,True,per-class labels match Phase 2 classes; 2000-sample full Phase 2 eval
logs/phase2/eval_session13_bear_gr_verify_2026-05-16_09-37-06.json,phase2,session13_bear_gr_verify,2026-05-16_09-37-06,0.576500,0.769500,2000,phase2_10class,phase2,unknown,True,per-class labels match Phase 2 classes; 2000-sample full Phase 2 eval
logs/phase2/eval_session13_bear_mush_base_0_2026-05-16_11-58-29.json,phase2,session13_bear_mush_base_0,2026-05-16_11-58-29,0.578500,0.769500,2000,phase2_10class,phase2,unknown,True,per-class labels match Phase 2 classes; 2000-sample full Phase 2 eval
logs/phase2/eval_session13_bear_mush_cbr_2026-05-16_08-52-57.json,phase2,session13_bear_mush_cbr,2026-05-16_08-52-57,0.575500,0.769500,2000,phase2_10class,phase2,unknown,True,per-class labels match Phase 2 classes; 2000-sample full Phase 2 eval
logs/phase2/eval_session13_bear_mush_hue_ent_2026-05-16_09-00-32.json,phase2,session13_bear_mush_hue_ent,2026-05-16_09-00-32,0.575000,0.768500,2000,phase2_10class,phase2,unknown,True,per-class labels match Phase 2 classes; 2000-sample full Phase 2 eval
logs/phase2/eval_session13_bear_mush_hue_ent_v2_2026-05-16_09-05-21.json,phase2,session13_bear_mush_hue_ent_v2,2026-05-16_09-05-21,0.576000,0.769000,2000,phase2_10class,phase2,unknown,True,per-class labels match Phase 2 classes; 2000-sample full Phase 2 eval
logs/phase2/eval_session13_bus_sports_darkbright_2026-05-16_13-09-11.json,phase2,session13_bus_sports_darkbright,2026-05-16_13-09-11,0.575000,0.770000,2000,phase2_10class,phase2,unknown,True,per-class labels match Phase 2 classes; 2000-sample full Phase 2 eval
logs/phase2/eval_session13_bus_sports_hist_verify_2026-05-16_09-47-06.json,phase2,session13_bus_sports_hist_verify,2026-05-16_09-47-06,0.577000,0.769500,2000,phase2_10class,phase2,unknown,True,per-class labels match Phase 2 classes; 2000-sample full Phase 2 eval
logs/phase2/eval_session13_cache_fix_2026-05-16_11-37-46.json,phase2,session13_cache_fix,2026-05-16_11-37-46,0.577500,0.769500,2000,phase2_10class,phase2,unknown,True,per-class labels match Phase 2 classes; 2000-sample full Phase 2 eval
logs/phase2/eval_session13_calib_banana_minus_2026-05-16_09-27-21.json,phase2,session13_calib_banana_minus,2026-05-16_09-27-21,0.575000,0.767000,2000,phase2_10class,phase2,unknown,True,per-class labels match Phase 2 classes; 2000-sample full Phase 2 eval
logs/phase2/eval_session13_calib_v2_2026-05-16_09-22-48.json,phase2,session13_calib_v2,2026-05-16_09-22-48,0.567000,0.765500,2000,phase2_10class,phase2,unknown,True,per-class labels match Phase 2 classes; 2000-sample full Phase 2 eval
logs/phase2/eval_session13_current_check_2026-05-16_08-20-50.json,phase2,session13_current_check,2026-05-16_08-20-50,0.575500,0.770000,2000,phase2_10class,phase2,unknown,True,per-class labels match Phase 2 classes; 2000-sample full Phase 2 eval
logs/phase2/eval_session13_default_base03_2026-05-16_15-15-09.json,phase2,session13_default_base03,2026-05-16_15-15-09,0.581000,0.771000,2000,phase2_10class,phase2,unknown,True,per-class labels match Phase 2 classes; 2000-sample full Phase 2 eval
logs/phase2/eval_session13_gb_corr_teapot_banana_2026-05-16_08-08-52.json,phase2,session13_gb_corr_teapot_banana,2026-05-16_08-08-52,0.575500,0.770000,2000,phase2_10class,phase2,unknown,True,per-class labels match Phase 2 classes; 2000-sample full Phase 2 eval
logs/phase2/eval_session13_gr_banana_corr_2026-05-16_08-28-41.json,phase2,session13_gr_banana_corr,2026-05-16_08-28-41,0.576500,0.769500,2000,phase2_10class,phase2,unknown,True,per-class labels match Phase 2 classes; 2000-sample full Phase 2 eval
logs/phase2/eval_session13_gr_gate37_2026-05-16_13-44-08.json,phase2,session13_gr_gate37,2026-05-16_13-44-08,0.579000,0.770500,2000,phase2_10class,phase2,unknown,True,per-class labels match Phase 2 classes; 2000-sample full Phase 2 eval
logs/phase2/eval_session13_gr_gate38_2026-05-16_13-57-15.json,phase2,session13_gr_gate38,2026-05-16_13-57-15,0.578500,0.770500,2000,phase2_10class,phase2,unknown,True,per-class labels match Phase 2 classes; 2000-sample full Phase 2 eval
logs/phase2/eval_session13_gr_gate39_2026-05-16_13-36-26.json,phase2,session13_gr_gate39,2026-05-16_13-36-26,0.578000,0.770500,2000,phase2_10class,phase2,unknown,True,per-class labels match Phase 2 classes; 2000-sample full Phase 2 eval
logs/phase2/eval_session13_gr_kp_cbr_2026-05-16_08-35-01.json,phase2,session13_gr_kp_cbr,2026-05-16_08-35-01,0.576500,0.769500,2000,phase2_10class,phase2,unknown,True,per-class labels match Phase 2 classes; 2000-sample full Phase 2 eval
logs/phase2/eval_session13_gr_kp_cbr_2026-05-16_08-38-12.json,phase2,session13_gr_kp_cbr,2026-05-16_08-38-12,0.576500,0.769500,2000,phase2_10class,phase2,unknown,True,per-class labels match Phase 2 classes; 2000-sample full Phase 2 eval
logs/phase2/eval_session13_gr_mush_base0_2026-05-16_12-19-01.json,phase2,session13_gr_mush_base0,2026-05-16_12-19-01,0.578000,0.769500,2000,phase2_10class,phase2,unknown,True,per-class labels match Phase 2 classes; 2000-sample full Phase 2 eval
logs/phase2/eval_session13_gr_mush_verify_2026-05-16_12-24-04.json,phase2,session13_gr_mush_verify,2026-05-16_12-24-04,0.578500,0.769500,2000,phase2_10class,phase2,unknown,True,per-class labels match Phase 2 classes; 2000-sample full Phase 2 eval
logs/phase2/eval_session13_hist_blend_090_2026-05-16_10-18-01.json,phase2,session13_hist_blend_090,2026-05-16_10-18-01,0.569000,0.770000,2000,phase2_10class,phase2,unknown,True,per-class labels match Phase 2 classes; 2000-sample full Phase 2 eval
logs/phase2/eval_session13_kp_teapot_base_2026-05-16_11-55-44.json,phase2,session13_kp_teapot_base,2026-05-16_11-55-44,0.577500,0.769000,2000,phase2_10class,phase2,unknown,True,per-class labels match Phase 2 classes; 2000-sample full Phase 2 eval
logs/phase2/eval_session13_margin_27_2026-05-16_14-21-35.json,phase2,session13_margin_27,2026-05-16_14-21-35,0.579500,0.770500,2000,phase2_10class,phase2,unknown,True,per-class labels match Phase 2 classes; 2000-sample full Phase 2 eval
logs/phase2/eval_session13_margin_28_2026-05-16_14-24-33.json,phase2,session13_margin_28,2026-05-16_14-24-33,0.579500,0.770500,2000,phase2_10class,phase2,unknown,True,per-class labels match Phase 2 classes; 2000-sample full Phase 2 eval
logs/phase2/eval_session13_margin_30_2026-05-16_14-27-31.json,phase2,session13_margin_30,2026-05-16_14-27-31,0.579500,0.770500,2000,phase2_10class,phase2,unknown,True,per-class labels match Phase 2 classes; 2000-sample full Phase 2 eval
logs/phase2/eval_session13_mult12_2026-05-16_14-52-43.json,phase2,session13_mult12,2026-05-16_14-52-43,0.580000,0.771000,2000,phase2_10class,phase2,unknown,True,per-class labels match Phase 2 classes; 2000-sample full Phase 2 eval
logs/phase2/eval_session13_mult13_2026-05-16_14-50-59.json,phase2,session13_mult13,2026-05-16_14-50-59,0.581000,0.771000,2000,phase2_10class,phase2,unknown,True,per-class labels match Phase 2 classes; 2000-sample full Phase 2 eval
logs/phase2/eval_session13_mult14_2026-05-16_14-49-17.json,phase2,session13_mult14,2026-05-16_14-49-17,0.580500,0.771000,2000,phase2_10class,phase2,unknown,True,per-class labels match Phase 2 classes; 2000-sample full Phase 2 eval
logs/phase2/eval_session13_mush_gate44_2026-05-16_14-07-28.json,phase2,session13_mush_gate44,2026-05-16_14-07-28,0.579000,0.770500,2000,phase2_10class,phase2,unknown,True,per-class labels match Phase 2 classes; 2000-sample full Phase 2 eval
logs/phase2/eval_session13_mush_gate46_2026-05-16_14-11-46.json,phase2,session13_mush_gate46,2026-05-16_14-11-46,0.579000,0.770500,2000,phase2_10class,phase2,unknown,True,per-class labels match Phase 2 classes; 2000-sample full Phase 2 eval
logs/phase2/eval_session13_orange_teapot_base_2026-05-16_11-53-11.json,phase2,session13_orange_teapot_base,2026-05-16_11-53-11,0.578000,0.769500,2000,phase2_10class,phase2,unknown,True,per-class labels match Phase 2 classes; 2000-sample full Phase 2 eval
logs/phase2/eval_session13_proto020_2026-05-16_15-49-24.json,phase2,session13_proto020,2026-05-16_15-49-24,0.581500,0.771000,2000,phase2_10class,phase2,unknown,True,per-class labels match Phase 2 classes; 2000-sample full Phase 2 eval
logs/phase2/eval_session13_proto030_2026-05-16_15-53-23.json,phase2,session13_proto030,2026-05-16_15-53-23,0.581500,0.771000,2000,phase2_10class,phase2,unknown,True,per-class labels match Phase 2 classes; 2000-sample full Phase 2 eval
logs/phase2/eval_session13_proto_030_2026-05-16_10-22-33.json,phase2,session13_proto_030,2026-05-16_10-22-33,0.577500,0.769500,2000,phase2_10class,phase2,unknown,True,per-class labels match Phase 2 classes; 2000-sample full Phase 2 eval
logs/phase2/eval_session13_proto_035_2026-05-16_10-27-03.json,phase2,session13_proto_035,2026-05-16_10-27-03,0.577500,0.769500,2000,phase2_10class,phase2,unknown,True,per-class labels match Phase 2 classes; 2000-sample full Phase 2 eval
logs/phase2/eval_session13_rank3_bt_bm_2026-05-16_13-02-23.json,phase2,session13_rank3_bt_bm,2026-05-16_13-02-23,0.576500,0.770500,2000,phase2_10class,phase2,unknown,True,per-class labels match Phase 2 classes; 2000-sample full Phase 2 eval
logs/phase2/eval_session13_rank3_margin28_2026-05-16_14-30-04.json,phase2,session13_rank3_margin28,2026-05-16_14-30-04,0.579500,0.770500,2000,phase2_10class,phase2,unknown,True,per-class labels match Phase 2 classes; 2000-sample full Phase 2 eval
logs/phase2/eval_session13_rank3_mult185_2026-05-16_15-07-05.json,phase2,session13_rank3_mult185,2026-05-16_15-07-05,0.580500,0.771000,2000,phase2_10class,phase2,unknown,True,per-class labels match Phase 2 classes; 2000-sample full Phase 2 eval
logs/phase2/eval_session13_rank3_mult18_2026-05-16_14-54-55.json,phase2,session13_rank3_mult18,2026-05-16_14-54-55,0.579500,0.771000,2000,phase2_10class,phase2,unknown,True,per-class labels match Phase 2 classes; 2000-sample full Phase 2 eval
logs/phase2/eval_session13_rank3_mult19_2026-05-16_15-04-39.json,phase2,session13_rank3_mult19,2026-05-16_15-04-39,0.581500,0.771000,2000,phase2_10class,phase2,unknown,True,per-class labels match Phase 2 classes; 2000-sample full Phase 2 eval
logs/phase2/eval_session13_rank4_bearmush_2026-05-16_13-05-13.json,phase2,session13_rank4_bearmush,2026-05-16_13-05-13,0.578500,0.770500,2000,phase2_10class,phase2,unknown,True,per-class labels match Phase 2 classes; 2000-sample full Phase 2 eval
logs/phase2/eval_session13_rank4_gr_pairs_2026-05-16_15-35-32.json,phase2,session13_rank4_gr_pairs,2026-05-16_15-35-32,0.580500,0.770500,2000,phase2_10class,phase2,unknown,True,per-class labels match Phase 2 classes; 2000-sample full Phase 2 eval
logs/phase2/eval_session13_rank4_margin25_2026-05-16_14-33-03.json,phase2,session13_rank4_margin25,2026-05-16_14-33-03,0.580000,0.770500,2000,phase2_10class,phase2,unknown,True,per-class labels match Phase 2 classes; 2000-sample full Phase 2 eval
logs/phase2/eval_session13_rank4_margin27_2026-05-16_14-35-58.json,phase2,session13_rank4_margin27,2026-05-16_14-35-58,0.580500,0.771000,2000,phase2_10class,phase2,unknown,True,per-class labels match Phase 2 classes; 2000-sample full Phase 2 eval
logs/phase2/eval_session13_rank4_margin30_2026-05-16_14-39-35.json,phase2,session13_rank4_margin30,2026-05-16_14-39-35,0.580500,0.771000,2000,phase2_10class,phase2,unknown,True,per-class labels match Phase 2 classes; 2000-sample full Phase 2 eval
logs/phase2/eval_session13_rank4_mult25_2026-05-16_14-57-24.json,phase2,session13_rank4_mult25,2026-05-16_14-57-24,0.580000,0.770000,2000,phase2_10class,phase2,unknown,True,per-class labels match Phase 2 classes; 2000-sample full Phase 2 eval
logs/phase2/eval_session13_rank4_mult28_2026-05-16_15-11-22.json,phase2,session13_rank4_mult28,2026-05-16_15-11-22,0.581500,0.771000,2000,phase2_10class,phase2,unknown,True,per-class labels match Phase 2 classes; 2000-sample full Phase 2 eval
logs/phase2/eval_session13_rank5_margin15_2026-05-16_14-44-12.json,phase2,session13_rank5_margin15,2026-05-16_14-44-12,0.580500,0.771000,2000,phase2_10class,phase2,unknown,True,per-class labels match Phase 2 classes; 2000-sample full Phase 2 eval
logs/phase2/eval_session13_rank5_mult35_2026-05-16_15-02-23.json,phase2,session13_rank5_mult35,2026-05-16_15-02-23,0.580500,0.770500,2000,phase2_10class,phase2,unknown,True,per-class labels match Phase 2 classes; 2000-sample full Phase 2 eval
logs/phase2/eval_session13_rb_corr_banora_2026-05-16_07-56-50.json,phase2,session13_rb_corr_banora,2026-05-16_07-56-50,0.573500,0.770000,2000,phase2_10class,phase2,unknown,True,per-class labels match Phase 2 classes; 2000-sample full Phase 2 eval
logs/phase2/eval_session13_rb_corr_disc_2026-05-16_08-03-13.json,phase2,session13_rb_corr_disc,2026-05-16_08-03-13,0.575500,0.770000,2000,phase2_10class,phase2,unknown,True,per-class labels match Phase 2 classes; 2000-sample full Phase 2 eval
logs/phase2/eval_session13_repulsion_010_2026-05-16_13-11-57.json,phase2,session13_repulsion_010,2026-05-16_13-11-57,0.579000,0.770500,2000,phase2_10class,phase2,unknown,True,per-class labels match Phase 2 classes; 2000-sample full Phase 2 eval
logs/phase2/eval_session13_repulsion_012_2026-05-16_13-14-29.json,phase2,session13_repulsion_012,2026-05-16_13-14-29,0.579000,0.770500,2000,phase2_10class,phase2,unknown,True,per-class labels match Phase 2 classes; 2000-sample full Phase 2 eval
logs/phase2/eval_session13_repulsion_bear_gr_2026-05-16_09-59-20.json,phase2,session13_repulsion_bear_gr,2026-05-16_09-59-20,0.577500,0.769500,2000,phase2_10class,phase2,unknown,True,per-class labels match Phase 2 classes; 2000-sample full Phase 2 eval
logs/phase2/eval_session13_repulsion_bear_gr_v2_2026-05-16_10-03-55.json,phase2,session13_repulsion_bear_gr_v2,2026-05-16_10-03-55,0.577500,0.769500,2000,phase2_10class,phase2,unknown,True,per-class labels match Phase 2 classes; 2000-sample full Phase 2 eval
logs/phase2/eval_session13_repulsion_bear_mush_014_2026-05-16_10-13-07.json,phase2,session13_repulsion_bear_mush_014,2026-05-16_10-13-07,0.577500,0.769500,2000,phase2_10class,phase2,unknown,True,per-class labels match Phase 2 classes; 2000-sample full Phase 2 eval
logs/phase2/eval_session13_repulsion_disc08_2026-05-16_14-18-00.json,phase2,session13_repulsion_disc08,2026-05-16_14-18-00,0.578000,0.769500,2000,phase2_10class,phase2,unknown,True,per-class labels match Phase 2 classes; 2000-sample full Phase 2 eval
logs/phase2/eval_session13_repulsion_jelly_teapot_2026-05-16_10-08-29.json,phase2,session13_repulsion_jelly_teapot,2026-05-16_10-08-29,0.577000,0.769500,2000,phase2_10class,phase2,unknown,True,per-class labels match Phase 2 classes; 2000-sample full Phase 2 eval
logs/phase2/eval_session13_repulsion_min20_2026-05-16_15-33-13.json,phase2,session13_repulsion_min20,2026-05-16_15-33-13,0.581000,0.772000,2000,phase2_10class,phase2,unknown,True,per-class labels match Phase 2 classes; 2000-sample full Phase 2 eval
logs/phase2/eval_session13_repulsion_prox50_2026-05-16_14-15-00.json,phase2,session13_repulsion_prox50,2026-05-16_14-15-00,0.578000,0.770000,2000,phase2_10class,phase2,unknown,True,per-class labels match Phase 2 classes; 2000-sample full Phase 2 eval
logs/phase2/eval_session13_speed_test_2026-05-16_11-35-08.json,phase2,session13_speed_test,2026-05-16_11-35-08,0.581000,0.776500,2000,phase2_10class,phase2,test,True,per-class labels match Phase 2 classes; 2000-sample full Phase 2 eval
logs/phase2/eval_session13_sports_bus_gbcorr_2026-05-16_08-48-25.json,phase2,session13_sports_bus_gbcorr,2026-05-16_08-48-25,0.576000,0.769500,2000,phase2_10class,phase2,unknown,True,per-class labels match Phase 2 classes; 2000-sample full Phase 2 eval
logs/phase2/eval_session13_sports_bus_newfeats_2026-05-16_08-16-31.json,phase2,session13_sports_bus_newfeats,2026-05-16_08-16-31,0.573000,0.769000,2000,phase2_10class,phase2,unknown,True,per-class labels match Phase 2 classes; 2000-sample full Phase 2 eval
logs/phase2/eval_session13_sports_bus_rbratio_2026-05-16_09-10-22.json,phase2,session13_sports_bus_rbratio,2026-05-16_09-10-22,0.574500,0.769000,2000,phase2_10class,phase2,unknown,True,per-class labels match Phase 2 classes; 2000-sample full Phase 2 eval
logs/phase2/eval_session13_sports_gate42_2026-05-16_15-29-46.json,phase2,session13_sports_gate42,2026-05-16_15-29-46,0.581000,0.771000,2000,phase2_10class,phase2,unknown,True,per-class labels match Phase 2 classes; 2000-sample full Phase 2 eval
logs/phase2/eval_session13_sportstp_bearsports_base0_2026-05-16_12-31-21.json,phase2,session13_sportstp_bearsports_base0,2026-05-16_12-31-21,0.578500,0.769500,2000,phase2_10class,phase2,unknown,True,per-class labels match Phase 2 classes; 2000-sample full Phase 2 eval
logs/phase2/eval_session13_sportstp_bearsports_neg05_2026-05-16_12-33-31.json,phase2,session13_sportstp_bearsports_neg05,2026-05-16_12-33-31,0.578000,0.769500,2000,phase2_10class,phase2,unknown,True,per-class labels match Phase 2 classes; 2000-sample full Phase 2 eval
logs/phase2/eval_session13_sportstp_neg05_only_2026-05-16_12-35-49.json,phase2,session13_sportstp_neg05_only,2026-05-16_12-35-49,0.578000,0.769500,2000,phase2_10class,phase2,unknown,True,per-class labels match Phase 2 classes; 2000-sample full Phase 2 eval
logs/phase2/eval_session13_teapot_banana_base10_2026-05-16_12-12-06.json,phase2,session13_teapot_banana_base10,2026-05-16_12-12-06,0.578500,0.769500,2000,phase2_10class,phase2,unknown,True,per-class labels match Phase 2 classes; 2000-sample full Phase 2 eval
logs/phase2/eval_session13_teapot_banana_base20_2026-05-16_12-07-14.json,phase2,session13_teapot_banana_base20,2026-05-16_12-07-14,0.578500,0.769500,2000,phase2_10class,phase2,unknown,True,per-class labels match Phase 2 classes; 2000-sample full Phase 2 eval
logs/phase2/eval_session13_teapot_banana_hue_ent_2026-05-16_09-15-18.json,phase2,session13_teapot_banana_hue_ent,2026-05-16_09-15-18,0.575500,0.769500,2000,phase2_10class,phase2,unknown,True,per-class labels match Phase 2 classes; 2000-sample full Phase 2 eval
logs/phase2/eval_session13_teapot_cal01_2026-05-16_12-28-52.json,phase2,session13_teapot_cal01,2026-05-16_12-28-52,0.573000,0.770500,2000,phase2_10class,phase2,unknown,True,per-class labels match Phase 2 classes; 2000-sample full Phase 2 eval
logs/phase2/eval_session13_teapot_gate_000_2026-05-16_11-42-17.json,phase2,session13_teapot_gate_000,2026-05-16_11-42-17,0.577000,0.769500,2000,phase2_10class,phase2,unknown,True,per-class labels match Phase 2 classes; 2000-sample full Phase 2 eval
logs/phase2/eval_session13_teapot_gate_032_2026-05-16_11-40-01.json,phase2,session13_teapot_gate_032,2026-05-16_11-40-01,0.577500,0.769500,2000,phase2_10class,phase2,unknown,True,per-class labels match Phase 2 classes; 2000-sample full Phase 2 eval
logs/phase2/eval_session13_teapot_hist_008_2026-05-16_10-31-55.json,phase2,session13_teapot_hist_008,2026-05-16_10-31-55,0.577500,0.769500,2000,phase2_10class,phase2,unknown,True,per-class labels match Phase 2 classes; 2000-sample full Phase 2 eval
logs/phase2/eval_session13_teapot_hist_012_2026-05-16_10-36-35.json,phase2,session13_teapot_hist_012,2026-05-16_10-36-35,0.577500,0.769500,2000,phase2_10class,phase2,unknown,True,per-class labels match Phase 2 classes; 2000-sample full Phase 2 eval
logs/phase2/eval_session13_teapot_histw07_2026-05-16_13-30-46.json,phase2,session13_teapot_histw07,2026-05-16_13-30-46,0.579000,0.770500,2000,phase2_10class,phase2,unknown,True,per-class labels match Phase 2 classes; 2000-sample full Phase 2 eval
logs/phase2/eval_session13_teapot_sig_bincomp_2026-05-16_11-20-40.json,phase2,session13_teapot_sig_bincomp,2026-05-16_11-20-40,0.564000,0.772000,2000,phase2_10class,phase2,unknown,True,per-class labels match Phase 2 classes; 2000-sample full Phase 2 eval
logs/phase2/eval_session13_verify_1158_2026-05-16_12-59-19.json,phase2,session13_verify_1158,2026-05-16_12-59-19,0.579000,0.770500,2000,phase2_10class,phase2,unknown,True,per-class labels match Phase 2 classes; 2000-sample full Phase 2 eval
logs/phase2/eval_session13_verify_1162_2026-05-16_14-59-34.json,phase2,session13_verify_1162,2026-05-16_14-59-34,0.581000,0.771000,2000,phase2_10class,phase2,unknown,True,per-class labels match Phase 2 classes; 2000-sample full Phase 2 eval
logs/phase2/eval_session13_verify_1163_2026-05-16_15-09-14.json,phase2,session13_verify_1163,2026-05-16_15-09-14,0.581500,0.771000,2000,phase2_10class,phase2,unknown,True,per-class labels match Phase 2 classes; 2000-sample full Phase 2 eval
logs/phase2/eval_session13_verify_baseline_2026-05-16_12-02-41.json,phase2,session13_verify_baseline,2026-05-16_12-02-41,0.578500,0.769500,2000,phase2_10class,phase2,unknown,True,per-class labels match Phase 2 classes; 2000-sample full Phase 2 eval
logs/phase2/eval_session13_verify_final_2026-05-16_11-28-58.json,phase2,session13_verify_final,2026-05-16_11-28-58,0.577500,0.769500,2000,phase2_10class,phase2,unknown,True,per-class labels match Phase 2 classes; 2000-sample full Phase 2 eval
logs/phase2/eval_session13_verify_margin18_2026-05-16_14-47-18.json,phase2,session13_verify_margin18,2026-05-16_14-47-18,0.578000,0.771000,2000,phase2_10class,phase2,unknown,True,per-class labels match Phase 2 classes; 2000-sample full Phase 2 eval
logs/phase2/eval_session14_banana_neg_cal_2026-05-16_18-10-14.json,phase2,session14_banana_neg_cal,2026-05-16_18-10-14,0.578000,0.769000,2000,phase2_10class,phase2,unknown,True,per-class labels match Phase 2 classes; 2000-sample full Phase 2 eval
logs/phase2/eval_session14_banana_neg_cal_2026-05-16_18-13-45.json,phase2,session14_banana_neg_cal,2026-05-16_18-13-45,0.578000,0.769000,2000,phase2_10class,phase2,unknown,True,per-class labels match Phase 2 classes; 2000-sample full Phase 2 eval
logs/phase2/eval_session14_baseline_2026-05-16_16-20-19.json,phase2,session14_baseline,2026-05-16_16-20-19,0.581500,0.771000,2000,phase2_10class,phase2,unknown,True,per-class labels match Phase 2 classes; 2000-sample full Phase 2 eval
logs/phase2/eval_session14_baseline_2026-05-16_16-29-36.json,phase2,session14_baseline,2026-05-16_16-29-36,0.581500,0.771000,2000,phase2_10class,phase2,unknown,True,per-class labels match Phase 2 classes; 2000-sample full Phase 2 eval
logs/phase2/eval_session14_bear_kp_disc_enhance_2026-05-16_18-03-35.json,phase2,session14_bear_kp_disc_enhance,2026-05-16_18-03-35,0.579500,0.770000,2000,phase2_10class,phase2,unknown,True,per-class labels match Phase 2 classes; 2000-sample full Phase 2 eval
logs/phase2/eval_session14_bear_sig_sat_guard_2026-05-16_18-23-56.json,phase2,session14_bear_sig_sat_guard,2026-05-16_18-23-56,0.577000,0.772000,2000,phase2_10class,phase2,unknown,True,per-class labels match Phase 2 classes; 2000-sample full Phase 2 eval
logs/phase2/eval_session14_bn_kp_disc_only_2026-05-16_17-55-50.json,phase2,session14_bn_kp_disc_only,2026-05-16_17-55-50,0.581500,0.771000,2000,phase2_10class,phase2,unknown,True,per-class labels match Phase 2 classes; 2000-sample full Phase 2 eval
logs/phase2/eval_session14_bn_kp_rank12_only_2026-05-16_17-57-48.json,phase2,session14_bn_kp_rank12_only,2026-05-16_17-57-48,0.581000,0.771000,2000,phase2_10class,phase2,unknown,True,per-class labels match Phase 2 classes; 2000-sample full Phase 2 eval
logs/phase2/eval_session14_bn_or_base_neg015_2026-05-16_17-48-44.json,phase2,session14_bn_or_base_neg015,2026-05-16_17-48-44,0.580500,0.771000,2000,phase2_10class,phase2,unknown,True,per-class labels match Phase 2 classes; 2000-sample full Phase 2 eval
logs/phase2/eval_session14_contour_fill_mush_bana_2026-05-16_17-15-10.json,phase2,session14_contour_fill_mush_bana,2026-05-16_17-15-10,0.580500,0.770500,2000,phase2_10class,phase2,unknown,True,per-class labels match Phase 2 classes; 2000-sample full Phase 2 eval
logs/phase2/eval_session14_gr_gate_039_2026-05-16_18-16-06.json,phase2,session14_gr_gate_039,2026-05-16_18-16-06,0.580500,0.771000,2000,phase2_10class,phase2,unknown,True,per-class labels match Phase 2 classes; 2000-sample full Phase 2 eval
logs/phase2/eval_session14_kp_gate_040_2026-05-16_18-19-11.json,phase2,session14_kp_gate_040,2026-05-16_18-19-11,0.574500,0.771000,2000,phase2_10class,phase2,unknown,True,per-class labels match Phase 2 classes; 2000-sample full Phase 2 eval
logs/phase2/eval_session14_mush_bear_045_2026-05-16_17-01-07.json,phase2,session14_mush_bear_045,2026-05-16_17-01-07,0.581500,0.771000,2000,phase2_10class,phase2,unknown,True,per-class labels match Phase 2 classes; 2000-sample full Phase 2 eval
logs/phase2/eval_session14_mush_bear_bidir_2026-05-16_16-58-57.json,phase2,session14_mush_bear_bidir,2026-05-16_16-58-57,0.581000,0.771000,2000,phase2_10class,phase2,unknown,True,per-class labels match Phase 2 classes; 2000-sample full Phase 2 eval
logs/phase2/eval_session14_ncont_bear_gr_2026-05-16_17-20-29.json,phase2,session14_ncont_bear_gr,2026-05-16_17-20-29,0.577500,0.770000,2000,phase2_10class,phase2,unknown,True,per-class labels match Phase 2 classes; 2000-sample full Phase 2 eval
logs/phase2/eval_session14_new_discs_bn_kp_mush_sc_2026-05-16_17-53-42.json,phase2,session14_new_discs_bn_kp_mush_sc,2026-05-16_17-53-42,0.580000,0.770500,2000,phase2_10class,phase2,unknown,True,per-class labels match Phase 2 classes; 2000-sample full Phase 2 eval
logs/phase2/eval_session14_rank4_mult25_2026-05-16_17-11-01.json,phase2,session14_rank4_mult25,2026-05-16_17-11-01,0.580500,0.770000,2000,phase2_10class,phase2,unknown,True,per-class labels match Phase 2 classes; 2000-sample full Phase 2 eval
logs/phase2/eval_session14_rank5_mult35_2026-05-16_17-08-51.json,phase2,session14_rank5_mult35,2026-05-16_17-08-51,0.581000,0.770500,2000,phase2_10class,phase2,unknown,True,per-class labels match Phase 2 classes; 2000-sample full Phase 2 eval
logs/phase2/eval_session14_teapot_cal_002_2026-05-16_17-38-21.json,phase2,session14_teapot_cal_002,2026-05-16_17-38-21,0.570000,0.770000,2000,phase2_10class,phase2,unknown,True,per-class labels match Phase 2 classes; 2000-sample full Phase 2 eval
logs/phase2/eval_session14_teapot_hist_008_2026-05-16_17-43-24.json,phase2,session14_teapot_hist_008,2026-05-16_17-43-24,0.581500,0.771000,2000,phase2_10class,phase2,unknown,True,per-class labels match Phase 2 classes; 2000-sample full Phase 2 eval
logs/phase2/eval_session14_teapot_hist_008_2026-05-16_17-44-59.json,phase2,session14_teapot_hist_008,2026-05-16_17-44-59,0.581500,0.771000,2000,phase2_10class,phase2,unknown,True,per-class labels match Phase 2 classes; 2000-sample full Phase 2 eval
logs/phase2/eval_session14_verify3_2026-05-16_16-50-10.json,phase2,session14_verify3,2026-05-16_16-50-10,0.569000,0.771000,2000,phase2_10class,phase2,unknown,True,per-class labels match Phase 2 classes; 2000-sample full Phase 2 eval
logs/phase2/eval_session14_verify_baseline2_2026-05-16_18-00-24.json,phase2,session14_verify_baseline2,2026-05-16_18-00-24,0.581500,0.771000,2000,phase2_10class,phase2,unknown,True,per-class labels match Phase 2 classes; 2000-sample full Phase 2 eval
logs/phase2/eval_session14_verify_revert_2026-05-16_17-23-57.json,phase2,session14_verify_revert,2026-05-16_17-23-57,0.581500,0.771000,2000,phase2_10class,phase2,unknown,True,per-class labels match Phase 2 classes; 2000-sample full Phase 2 eval
logs/phase2/eval_session14_verify_sportsonly_2026-05-16_16-53-48.json,phase2,session14_verify_sportsonly,2026-05-16_16-53-48,0.580500,0.771000,2000,phase2_10class,phase2,unknown,True,per-class labels match Phase 2 classes; 2000-sample full Phase 2 eval
logs/phase2/eval_session15_banana_gate_048_2026-05-16_20-23-01.json,phase2,session15_banana_gate_048,2026-05-16_20-23-01,0.581000,0.770000,2000,phase2_10class,phase2,unknown,True,per-class labels match Phase 2 classes; 2000-sample full Phase 2 eval
logs/phase2/eval_session15_banana_orange_repulsion_2026-05-16_19-54-47.json,phase2,session15_banana_orange_repulsion,2026-05-16_19-54-47,0.580000,0.771000,2000,phase2_10class,phase2,unknown,True,per-class labels match Phase 2 classes; 2000-sample full Phase 2 eval
logs/phase2/eval_session15_baseline_2026-05-16_18-31-35.json,phase2,session15_baseline,2026-05-16_18-31-35,0.581500,0.771000,2000,phase2_10class,phase2,unknown,True,per-class labels match Phase 2 classes; 2000-sample full Phase 2 eval
logs/phase2/eval_session15_bear_gr_repulsion_2026-05-16_19-50-51.json,phase2,session15_bear_gr_repulsion,2026-05-16_19-50-51,0.576500,0.770500,2000,phase2_10class,phase2,unknown,True,per-class labels match Phase 2 classes; 2000-sample full Phase 2 eval
logs/phase2/eval_session15_bear_mush_repul_014_2026-05-16_19-19-15.json,phase2,session15_bear_mush_repul_014,2026-05-16_19-19-15,0.582000,0.770500,2000,phase2_10class,phase2,unknown,True,per-class labels match Phase 2 classes; 2000-sample full Phase 2 eval
logs/phase2/eval_session15_bearmush_rank3_2026-05-16_20-35-55.json,phase2,session15_bearmush_rank3,2026-05-16_20-35-55,0.583500,0.770000,2000,phase2_10class,phase2,unknown,True,per-class labels match Phase 2 classes; 2000-sample full Phase 2 eval
logs/phase2/eval_session15_bearmush_rank4_2026-05-16_21-04-16.json,phase2,session15_bearmush_rank4,2026-05-16_21-04-16,0.583000,0.770000,2000,phase2_10class,phase2,unknown,True,per-class labels match Phase 2 classes; 2000-sample full Phase 2 eval
logs/phase2/eval_session15_confirm_baseline_2026-05-16_19-33-48.json,phase2,session15_confirm_baseline,2026-05-16_19-33-48,0.582500,0.770500,2000,phase2_10class,phase2,unknown,True,per-class labels match Phase 2 classes; 2000-sample full Phase 2 eval
logs/phase2/eval_session15_elong_edge_bear_gr_2026-05-16_19-54-08.json,phase2,session15_elong_edge_bear_gr,2026-05-16_19-54-08,0.580000,0.770500,2000,phase2_10class,phase2,unknown,True,per-class labels match Phase 2 classes; 2000-sample full Phase 2 eval
logs/phase2/eval_session15_elong_edge_gr_teapot_2026-05-16_20-03-08.json,phase2,session15_elong_edge_gr_teapot,2026-05-16_20-03-08,0.582000,0.770000,2000,phase2_10class,phase2,unknown,True,per-class labels match Phase 2 classes; 2000-sample full Phase 2 eval
logs/phase2/eval_session15_final_baseline2_2026-05-16_21-17-07.json,phase2,session15_final_baseline2,2026-05-16_21-17-07,0.583500,0.770000,2000,phase2_10class,phase2,unknown,True,per-class labels match Phase 2 classes; 2000-sample full Phase 2 eval
logs/phase2/eval_session15_final_baseline_2026-05-16_21-13-27.json,phase2,session15_final_baseline,2026-05-16_21-13-27,0.583500,0.770000,2000,phase2_10class,phase2,unknown,True,per-class labels match Phase 2 classes; 2000-sample full Phase 2 eval
logs/phase2/eval_session15_gr_mush_r0edge_2026-05-16_19-25-44.json,phase2,session15_gr_mush_r0edge,2026-05-16_19-25-44,0.580000,0.770500,2000,phase2_10class,phase2,unknown,True,per-class labels match Phase 2 classes; 2000-sample full Phase 2 eval
logs/phase2/eval_session15_gr_mush_repulsion_2026-05-16_21-09-40.json,phase2,session15_gr_mush_repulsion,2026-05-16_21-09-40,0.581500,0.770000,2000,phase2_10class,phase2,unknown,True,per-class labels match Phase 2 classes; 2000-sample full Phase 2 eval
logs/phase2/eval_session15_gr_teapot_base_005_2026-05-16_20-27-26.json,phase2,session15_gr_teapot_base_005,2026-05-16_20-27-26,0.579000,0.770000,2000,phase2_10class,phase2,unknown,True,per-class labels match Phase 2 classes; 2000-sample full Phase 2 eval
logs/phase2/eval_session15_hist_blend_087_2026-05-16_20-15-38.json,phase2,session15_hist_blend_087,2026-05-16_20-15-38,0.578500,0.769000,2000,phase2_10class,phase2,unknown,True,per-class labels match Phase 2 classes; 2000-sample full Phase 2 eval
logs/phase2/eval_session15_hist_blend_089_2026-05-16_20-11-34.json,phase2,session15_hist_blend_089,2026-05-16_20-11-34,0.576500,0.771500,2000,phase2_10class,phase2,unknown,True,per-class labels match Phase 2 classes; 2000-sample full Phase 2 eval
logs/phase2/eval_session15_mushroom_banana_rep_2026-05-16_19-58-18.json,phase2,session15_mushroom_banana_rep,2026-05-16_19-58-18,0.581000,0.769000,2000,phase2_10class,phase2,unknown,True,per-class labels match Phase 2 classes; 2000-sample full Phase 2 eval
logs/phase2/eval_session15_ob_verify_2026-05-16_19-12-41.json,phase2,session15_ob_verify,2026-05-16_19-12-41,0.580000,0.770000,2000,phase2_10class,phase2,unknown,True,per-class labels match Phase 2 classes; 2000-sample full Phase 2 eval
logs/phase2/eval_session15_per_class_hist_blend_2026-05-16_18-34-48.json,phase2,session15_per_class_hist_blend,2026-05-16_18-34-48,0.553500,0.746500,2000,phase2_10class,phase2,unknown,True,per-class labels match Phase 2 classes; 2000-sample full Phase 2 eval
logs/phase2/eval_session15_prune_bad_signals_2026-05-16_21-05-25.json,phase2,session15_prune_bad_signals,2026-05-16_21-05-25,0.581000,0.770000,2000,phase2_10class,phase2,unknown,True,per-class labels match Phase 2 classes; 2000-sample full Phase 2 eval
logs/phase2/eval_session15_r0edge_bear_kp_2026-05-16_19-10-41.json,phase2,session15_r0edge_bear_kp,2026-05-16_19-10-41,0.579000,0.770000,2000,phase2_10class,phase2,unknown,True,per-class labels match Phase 2 classes; 2000-sample full Phase 2 eval
logs/phase2/eval_session15_r0warm_conjunctive_2026-05-16_19-35-02.json,phase2,session15_r0warm_conjunctive,2026-05-16_19-35-02,0.583000,0.770500,2000,phase2_10class,phase2,unknown,True,per-class labels match Phase 2 classes; 2000-sample full Phase 2 eval
logs/phase2/eval_session15_r0warm_sports_bus_2026-05-16_19-49-16.json,phase2,session15_r0warm_sports_bus,2026-05-16_19-49-16,0.577000,0.770500,2000,phase2_10class,phase2,unknown,True,per-class labels match Phase 2 classes; 2000-sample full Phase 2 eval
logs/phase2/eval_session15_r0warm_sports_bus_verify_2026-05-16_19-29-20.json,phase2,session15_r0warm_sports_bus_verify,2026-05-16_19-29-20,0.580500,0.770500,2000,phase2_10class,phase2,unknown,True,per-class labels match Phase 2 classes; 2000-sample full Phase 2 eval
logs/phase2/eval_session15_r0warm_tp_bn_2026-05-16_18-46-57.json,phase2,session15_r0warm_tp_bn,2026-05-16_18-46-57,0.582000,0.770500,2000,phase2_10class,phase2,unknown,True,per-class labels match Phase 2 classes; 2000-sample full Phase 2 eval
logs/phase2/eval_session15_r0warm_tp_bn_2026-05-16_19-01-00.json,phase2,session15_r0warm_tp_bn,2026-05-16_19-01-00,0.582000,0.770500,2000,phase2_10class,phase2,unknown,True,per-class labels match Phase 2 classes; 2000-sample full Phase 2 eval
logs/phase2/eval_session15_rank3_bear_sports_kp_2026-05-16_20-56-27.json,phase2,session15_rank3_bear_sports_kp,2026-05-16_20-56-27,0.579500,0.772000,2000,phase2_10class,phase2,unknown,True,per-class labels match Phase 2 classes; 2000-sample full Phase 2 eval
logs/phase2/eval_session15_round_circ_bear_mush_2026-05-16_19-41-43.json,phase2,session15_round_circ_bear_mush,2026-05-16_19-41-43,0.580500,0.769500,2000,phase2_10class,phase2,unknown,True,per-class labels match Phase 2 classes; 2000-sample full Phase 2 eval
logs/phase2/eval_session15_round_warm_gr_tp2_2026-05-16_19-07-11.json,phase2,session15_round_warm_gr_tp2,2026-05-16_19-07-11,0.578000,0.771000,2000,phase2_10class,phase2,unknown,True,per-class labels match Phase 2 classes; 2000-sample full Phase 2 eval
logs/phase2/eval_session15_round_warm_gr_tp_2026-05-16_19-04-18.json,phase2,session15_round_warm_gr_tp,2026-05-16_19-04-18,0.578000,0.771000,2000,phase2_10class,phase2,unknown,True,per-class labels match Phase 2 classes; 2000-sample full Phase 2 eval
logs/phase2/eval_session15_round_warm_gr_tp_2026-05-16_19-05-17.json,phase2,session15_round_warm_gr_tp,2026-05-16_19-05-17,0.578000,0.771000,2000,phase2_10class,phase2,unknown,True,per-class labels match Phase 2 classes; 2000-sample full Phase 2 eval
logs/phase2/eval_session15_sky_teapot_banana_2026-05-16_20-51-30.json,phase2,session15_sky_teapot_banana,2026-05-16_20-51-30,0.582500,0.771000,2000,phase2_10class,phase2,unknown,True,per-class labels match Phase 2 classes; 2000-sample full Phase 2 eval
logs/phase2/eval_session15_sportscar_bus_repulsion_2026-05-16_19-47-07.json,phase2,session15_sportscar_bus_repulsion,2026-05-16_19-47-07,0.581500,0.770000,2000,phase2_10class,phase2,unknown,True,per-class labels match Phase 2 classes; 2000-sample full Phase 2 eval
logs/phase2/eval_session15_teapot_banana_base025_2026-05-16_20-03-09.json,phase2,session15_teapot_banana_base025,2026-05-16_20-03-09,0.582000,0.770000,2000,phase2_10class,phase2,unknown,True,per-class labels match Phase 2 classes; 2000-sample full Phase 2 eval
logs/phase2/eval_session15_teapot_banana_repulsion_2026-05-16_19-40-50.json,phase2,session15_teapot_banana_repulsion,2026-05-16_19-40-50,0.583000,0.770000,2000,phase2_10class,phase2,unknown,True,per-class labels match Phase 2 classes; 2000-sample full Phase 2 eval
logs/phase2/eval_session15_teapot_gr_repulsion_2026-05-16_20-23-01.json,phase2,session15_teapot_gr_repulsion,2026-05-16_20-23-01,0.581000,0.770000,2000,phase2_10class,phase2,unknown,True,per-class labels match Phase 2 classes; 2000-sample full Phase 2 eval
logs/phase2/eval_session15_teapot_kp_repulsion_2026-05-16_20-26-32.json,phase2,session15_teapot_kp_repulsion,2026-05-16_20-26-32,0.580000,0.770500,2000,phase2_10class,phase2,unknown,True,per-class labels match Phase 2 classes; 2000-sample full Phase 2 eval
logs/phase2/eval_session15_verify_5820_2026-05-16_19-13-36.json,phase2,session15_verify_5820,2026-05-16_19-13-36,0.583000,0.770500,2000,phase2_10class,phase2,unknown,True,per-class labels match Phase 2 classes; 2000-sample full Phase 2 eval
logs/phase2/eval_session15_verify_banana_orange_2026-05-16_20-11-05.json,phase2,session15_verify_banana_orange,2026-05-16_20-11-05,0.580000,0.770000,2000,phase2_10class,phase2,unknown,True,per-class labels match Phase 2 classes; 2000-sample full Phase 2 eval
logs/phase2/eval_session15_verify_baseline_2026-05-16_21-01-22.json,phase2,session15_verify_baseline,2026-05-16_21-01-22,0.580500,0.771000,2000,phase2_10class,phase2,unknown,True,per-class labels match Phase 2 classes; 2000-sample full Phase 2 eval
logs/phase2/eval_session15b_final_2026-05-16_21-13-33.json,phase2,session15b_final,2026-05-16_21-13-33,0.583500,0.770000,2000,phase2_10class,phase2,unknown,True,per-class labels match Phase 2 classes; 2000-sample full Phase 2 eval
logs/phase2/eval_session17_autocorr_warm_bl_2026-05-17_14-35-16.json,phase2,session17_autocorr_warm_bl,2026-05-17_14-35-16,0.583000,0.770000,2000,phase2_10class,phase2,unknown,True,per-class labels match Phase 2 classes; 2000-sample full Phase 2 eval
logs/phase2/eval_session17_banana_kp_only_2026-05-17_15-47-50.json,phase2,session17_banana_kp_only,2026-05-17_15-47-50,0.583500,0.770000,2000,phase2_10class,phase2,unknown,True,per-class labels match Phase 2 classes; 2000-sample full Phase 2 eval
logs/phase2/eval_session17_banana_teapot_base15_2026-05-17_15-11-51.json,phase2,session17_banana_teapot_base15,2026-05-17_15-11-51,0.583000,0.770000,2000,phase2_10class,phase2,unknown,True,per-class labels match Phase 2 classes; 2000-sample full Phase 2 eval
logs/phase2/eval_session17_banana_teapot_base20_2026-05-17_15-30-04.json,phase2,session17_banana_teapot_base20,2026-05-17_15-30-04,0.583500,0.770000,2000,phase2_10class,phase2,unknown,True,per-class labels match Phase 2 classes; 2000-sample full Phase 2 eval
logs/phase2/eval_session17_baseline_2026-05-17_13-30-07.json,phase2,session17_baseline,2026-05-17_13-30-07,0.583500,0.770000,2000,phase2_10class,phase2,unknown,True,per-class labels match Phase 2 classes; 2000-sample full Phase 2 eval
logs/phase2/eval_session17_both_new_discs_2026-05-17_15-44-49.json,phase2,session17_both_new_discs,2026-05-17_15-44-49,0.584000,0.770000,2000,phase2_10class,phase2,unknown,True,per-class labels match Phase 2 classes; 2000-sample full Phase 2 eval
logs/phase2/eval_session17_bright_top_bear_mush_2026-05-17_14-06-24.json,phase2,session17_bright_top_bear_mush,2026-05-17_14-06-24,0.583000,0.769000,2000,phase2_10class,phase2,unknown,True,per-class labels match Phase 2 classes; 2000-sample full Phase 2 eval
logs/phase2/eval_session17_checkpoint_2026-05-17_21-28-43.json,phase2,session17_checkpoint,2026-05-17_21-28-43,0.584000,0.769500,2000,phase2_10class,phase2,unknown,True,per-class labels match Phase 2 classes; 2000-sample full Phase 2 eval
logs/phase2/eval_session17_final_2026-05-17_22-15-35.json,phase2,session17_final,2026-05-17_22-15-35,0.586500,0.769500,2000,phase2_10class,phase2,unknown,True,per-class labels match Phase 2 classes; 2000-sample full Phase 2 eval
logs/phase2/eval_session17_gr_bear_verify_2026-05-17_17-17-11.json,phase2,session17_gr_bear_verify,2026-05-17_17-17-11,0.584000,0.769500,2000,phase2_10class,phase2,unknown,True,per-class labels match Phase 2 classes; 2000-sample full Phase 2 eval
logs/phase2/eval_session17_hist_w090_2026-05-17_22-14-02.json,phase2,session17_hist_w090,2026-05-17_22-14-02,0.578000,0.770000,2000,phase2_10class,phase2,unknown,True,per-class labels match Phase 2 classes; 2000-sample full Phase 2 eval
logs/phase2/eval_session17_jelly_teapot_ec_2026-05-17_21-30-48.json,phase2,session17_jelly_teapot_ec,2026-05-17_21-30-48,0.584500,0.769500,2000,phase2_10class,phase2,unknown,True,per-class labels match Phase 2 classes; 2000-sample full Phase 2 eval
logs/phase2/eval_session17_kp_neg_cal_2026-05-17_21-14-02.json,phase2,session17_kp_neg_cal,2026-05-17_21-14-02,0.578500,0.768500,2000,phase2_10class,phase2,unknown,True,per-class labels match Phase 2 classes; 2000-sample full Phase 2 eval
logs/phase2/eval_session17_mush_sports_confirm_2026-05-17_15-52-04.json,phase2,session17_mush_sports_confirm,2026-05-17_15-52-04,0.584000,0.770000,2000,phase2_10class,phase2,unknown,True,per-class labels match Phase 2 classes; 2000-sample full Phase 2 eval
logs/phase2/eval_session17_mush_sports_disc_2026-05-17_15-35-32.json,phase2,session17_mush_sports_disc,2026-05-17_15-35-32,0.584000,0.770000,2000,phase2_10class,phase2,unknown,True,per-class labels match Phase 2 classes; 2000-sample full Phase 2 eval
logs/phase2/eval_session17_mush_sports_disc_r3_2026-05-17_15-39-28.json,phase2,session17_mush_sports_disc_r3,2026-05-17_15-39-28,0.582500,0.769500,2000,phase2_10class,phase2,unknown,True,per-class labels match Phase 2 classes; 2000-sample full Phase 2 eval
logs/phase2/eval_session17_mush_sports_repulsion_2026-05-17_17-00-37.json,phase2,session17_mush_sports_repulsion,2026-05-17_17-00-37,0.583500,0.769500,2000,phase2_10class,phase2,unknown,True,per-class labels match Phase 2 classes; 2000-sample full Phase 2 eval
logs/phase2/eval_session17_no_new_repulsion_2026-05-17_14-43-29.json,phase2,session17_no_new_repulsion,2026-05-17_14-43-29,0.582000,0.770000,2000,phase2_10class,phase2,unknown,True,per-class labels match Phase 2 classes; 2000-sample full Phase 2 eval
logs/phase2/eval_session17_orange_teapot_cma_2026-05-17_21-53-05.json,phase2,session17_orange_teapot_cma,2026-05-17_21-53-05,0.586000,0.769500,2000,phase2_10class,phase2,unknown,True,per-class labels match Phase 2 classes; 2000-sample full Phase 2 eval
logs/phase2/eval_session17_proto_w025_2026-05-17_20-47-42.json,phase2,session17_proto_w025,2026-05-17_20-47-42,0.562500,0.777500,2000,phase2_10class,phase2,unknown,True,per-class labels match Phase 2 classes; 2000-sample full Phase 2 eval
logs/phase2/eval_session17_r3_orange_gr_2026-05-17_22-00-58.json,phase2,session17_r3_orange_gr,2026-05-17_22-00-58,0.583500,0.770000,2000,phase2_10class,phase2,unknown,True,per-class labels match Phase 2 classes; 2000-sample full Phase 2 eval
logs/phase2/eval_session17_r3_whitelist_2026-05-17_21-59-21.json,phase2,session17_r3_whitelist,2026-05-17_21-59-21,0.580000,0.770500,2000,phase2_10class,phase2,unknown,True,per-class labels match Phase 2 classes; 2000-sample full Phase 2 eval
logs/phase2/eval_session17_sportsbus_gbr_2026-05-17_21-27-13.json,phase2,session17_sportsbus_gbr,2026-05-17_21-27-13,0.583500,0.769500,2000,phase2_10class,phase2,unknown,True,per-class labels match Phase 2 classes; 2000-sample full Phase 2 eval
logs/phase2/eval_session17_teapot_bear_acorr_2026-05-17_22-03-34.json,phase2,session17_teapot_bear_acorr,2026-05-17_22-03-34,0.586500,0.769500,2000,phase2_10class,phase2,unknown,True,per-class labels match Phase 2 classes; 2000-sample full Phase 2 eval
logs/phase2/eval_session17_teapot_bw_sig_2026-05-17_14-48-22.json,phase2,session17_teapot_bw_sig,2026-05-17_14-48-22,0.579500,0.767500,2000,phase2_10class,phase2,unknown,True,per-class labels match Phase 2 classes; 2000-sample full Phase 2 eval
logs/phase2/eval_session18_batch2_2026-05-17_22-34-27.json,phase2,session18_batch2,2026-05-17_22-34-27,0.591500,0.769500,2000,phase2_10class,phase2,unknown,True,per-class labels match Phase 2 classes; 2000-sample full Phase 2 eval
logs/phase2/eval_session18_batch3_2026-05-17_22-45-17.json,phase2,session18_batch3,2026-05-17_22-45-17,0.592000,0.769500,2000,phase2_10class,phase2,unknown,True,per-class labels match Phase 2 classes; 2000-sample full Phase 2 eval
logs/phase2/eval_session18_batch4_2026-05-17_22-55-12.json,phase2,session18_batch4,2026-05-17_22-55-12,0.603500,0.769500,2000,phase2_10class,phase2,unknown,True,per-class labels match Phase 2 classes; 2000-sample full Phase 2 eval
logs/phase2/eval_session18_batch5_2026-05-17_23-23-29.json,phase2,session18_batch5,2026-05-17_23-23-29,0.607000,0.769500,2000,phase2_10class,phase2,unknown,True,per-class labels match Phase 2 classes; 2000-sample full Phase 2 eval
logs/phase2/eval_session18_batch5_2026-05-17_23-24-48.json,phase2,session18_batch5,2026-05-17_23-24-48,0.607000,0.769500,2000,phase2_10class,phase2,unknown,True,per-class labels match Phase 2 classes; 2000-sample full Phase 2 eval
logs/phase2/eval_session18_batch5_2026-05-17_23-27-27.json,phase2,session18_batch5,2026-05-17_23-27-27,0.607000,0.769500,2000,phase2_10class,phase2,unknown,True,per-class labels match Phase 2 classes; 2000-sample full Phase 2 eval
logs/phase2/eval_session18_batch6_2026-05-17_23-43-30.json,phase2,session18_batch6,2026-05-17_23-43-30,0.609500,0.769500,2000,phase2_10class,phase2,unknown,True,per-class labels match Phase 2 classes; 2000-sample full Phase 2 eval
logs/phase2/eval_session18_batch6_2026-05-17_23-49-37.json,phase2,session18_batch6,2026-05-17_23-49-37,0.609500,0.769500,2000,phase2_10class,phase2,unknown,True,per-class labels match Phase 2 classes; 2000-sample full Phase 2 eval
logs/phase2/eval_session18_batch7_2026-05-18_00-12-34.json,phase2,session18_batch7,2026-05-18_00-12-34,0.611000,0.769500,2000,phase2_10class,phase2,unknown,True,per-class labels match Phase 2 classes; 2000-sample full Phase 2 eval
logs/phase2/eval_session18_batch8_2026-05-18_00-41-33.json,phase2,session18_batch8,2026-05-18_00-41-33,0.612500,0.769500,2000,phase2_10class,phase2,unknown,True,per-class labels match Phase 2 classes; 2000-sample full Phase 2 eval
logs/phase2/eval_session18_batch9_2026-05-18_00-49-31.json,phase2,session18_batch9,2026-05-18_00-49-31,0.612500,0.769500,2000,phase2_10class,phase2,unknown,True,per-class labels match Phase 2 classes; 2000-sample full Phase 2 eval
logs/phase2/eval_session18_batch_verify_2026-05-17_22-26-46.json,phase2,session18_batch_verify,2026-05-17_22-26-46,0.589000,0.769500,2000,phase2_10class,phase2,unknown,True,per-class labels match Phase 2 classes; 2000-sample full Phase 2 eval
logs/phase2/eval_session18_val_check_2026-05-18_00-16-27.json,phase2,session18_val_check,2026-05-18_00-16-27,0.530500,0.756500,2000,phase2_10class,phase2,val,True,per-class labels match Phase 2 classes; 2000-sample full Phase 2 eval
logs/phase2/eval_session19_banana_mush_2026-05-18_04-40-14.json,phase2,session19_banana_mush,2026-05-18_04-40-14,0.677500,0.795500,2000,phase2_10class,phase2,unknown,True,per-class labels match Phase 2 classes; 2000-sample full Phase 2 eval
logs/phase2/eval_session19_batch2_2026-05-18_02-21-45.json,phase2,session19_batch2,2026-05-18_02-21-45,0.655500,0.788500,2000,phase2_10class,phase2,unknown,True,per-class labels match Phase 2 classes; 2000-sample full Phase 2 eval
logs/phase2/eval_session19_batch2_2026-05-18_04-11-47.json,phase2,session19_batch2,2026-05-18_04-11-47,0.674000,0.792000,2000,phase2_10class,phase2,unknown,True,per-class labels match Phase 2 classes; 2000-sample full Phase 2 eval
logs/phase2/eval_session19_batch2b_2026-05-18_04-14-44.json,phase2,session19_batch2b,2026-05-18_04-14-44,0.676000,0.793500,2000,phase2_10class,phase2,unknown,True,per-class labels match Phase 2 classes; 2000-sample full Phase 2 eval
logs/phase2/eval_session19_batch2c_2026-05-18_04-16-39.json,phase2,session19_batch2c,2026-05-18_04-16-39,0.677000,0.794500,2000,phase2_10class,phase2,unknown,True,per-class labels match Phase 2 classes; 2000-sample full Phase 2 eval
logs/phase2/eval_session19_batch2d_2026-05-18_04-18-26.json,phase2,session19_batch2d,2026-05-18_04-18-26,0.677500,0.795000,2000,phase2_10class,phase2,unknown,True,per-class labels match Phase 2 classes; 2000-sample full Phase 2 eval
logs/phase2/eval_session19_batch3_2026-05-18_02-25-28.json,phase2,session19_batch3,2026-05-18_02-25-28,0.655500,0.789000,2000,phase2_10class,phase2,unknown,True,per-class labels match Phase 2 classes; 2000-sample full Phase 2 eval
logs/phase2/eval_session19_batch3_2026-05-18_04-28-41.json,phase2,session19_batch3,2026-05-18_04-28-41,0.677500,0.793000,2000,phase2_10class,phase2,unknown,True,per-class labels match Phase 2 classes; 2000-sample full Phase 2 eval
logs/phase2/eval_session19_batch3b_2026-05-18_02-31-12.json,phase2,session19_batch3b,2026-05-18_02-31-12,0.656000,0.788500,2000,phase2_10class,phase2,unknown,True,per-class labels match Phase 2 classes; 2000-sample full Phase 2 eval
logs/phase2/eval_session19_batch4_2026-05-18_02-44-40.json,phase2,session19_batch4,2026-05-18_02-44-40,0.659500,0.789000,2000,phase2_10class,phase2,unknown,True,per-class labels match Phase 2 classes; 2000-sample full Phase 2 eval
logs/phase2/eval_session19_batch5_2026-05-18_02-49-52.json,phase2,session19_batch5,2026-05-18_02-49-52,0.664500,0.785500,2000,phase2_10class,phase2,unknown,True,per-class labels match Phase 2 classes; 2000-sample full Phase 2 eval
logs/phase2/eval_session19_batch6_2026-05-18_02-53-59.json,phase2,session19_batch6,2026-05-18_02-53-59,0.674000,0.793500,2000,phase2_10class,phase2,unknown,True,per-class labels match Phase 2 classes; 2000-sample full Phase 2 eval
logs/phase2/eval_session19_batch7_2026-05-18_03-11-11.json,phase2,session19_batch7,2026-05-18_03-11-11,0.674000,0.793500,2000,phase2_10class,phase2,unknown,True,per-class labels match Phase 2 classes; 2000-sample full Phase 2 eval
logs/phase2/eval_session19_batch8_2026-05-18_03-15-13.json,phase2,session19_batch8,2026-05-18_03-15-13,0.673500,0.793500,2000,phase2_10class,phase2,unknown,True,per-class labels match Phase 2 classes; 2000-sample full Phase 2 eval
logs/phase2/eval_session19_batch8b_2026-05-18_03-18-12.json,phase2,session19_batch8b,2026-05-18_03-18-12,0.674000,0.793500,2000,phase2_10class,phase2,unknown,True,per-class labels match Phase 2 classes; 2000-sample full Phase 2 eval
logs/phase2/eval_session19_confirm_2026-05-18_04-47-54.json,phase2,session19_confirm,2026-05-18_04-47-54,0.678000,0.796000,2000,phase2_10class,phase2,unknown,True,per-class labels match Phase 2 classes; 2000-sample full Phase 2 eval
logs/phase2/eval_session19_conjunctive_2026-05-18_03-24-19.json,phase2,session19_conjunctive,2026-05-18_03-24-19,0.675500,0.793500,2000,phase2_10class,phase2,unknown,True,per-class labels match Phase 2 classes; 2000-sample full Phase 2 eval
logs/phase2/eval_session19_final_2026-05-18_05-13-26.json,phase2,session19_final,2026-05-18_05-13-26,0.679500,0.795500,2000,phase2_10class,phase2,unknown,True,per-class labels match Phase 2 classes; 2000-sample full Phase 2 eval
logs/phase2/eval_session19_final_val_2026-05-18_04-50-03.json,phase2,session19_final_val,2026-05-18_04-50-03,0.514000,0.748000,2000,phase2_10class,phase2,val,True,per-class labels match Phase 2 classes; 2000-sample full Phase 2 eval
logs/phase2/eval_session19_gr_gate035_2026-05-18_03-38-20.json,phase2,session19_gr_gate035,2026-05-18_03-38-20,0.675500,0.793500,2000,phase2_10class,phase2,unknown,True,per-class labels match Phase 2 classes; 2000-sample full Phase 2 eval
logs/phase2/eval_session19_gr_teapot_r3_2026-05-18_04-26-30.json,phase2,session19_gr_teapot_r3,2026-05-18_04-26-30,0.679000,0.794500,2000,phase2_10class,phase2,unknown,True,per-class labels match Phase 2 classes; 2000-sample full Phase 2 eval
logs/phase2/eval_session19_margin020_2026-05-18_01-30-43.json,phase2,session19_margin020,2026-05-18_01-30-43,0.613500,0.769500,2000,phase2_10class,phase2,unknown,True,per-class labels match Phase 2 classes; 2000-sample full Phase 2 eval
logs/phase2/eval_session19_more_gr_teapot_2026-05-18_04-54-54.json,phase2,session19_more_gr_teapot,2026-05-18_04-54-54,0.678500,0.796500,2000,phase2_10class,phase2,unknown,True,per-class labels match Phase 2 classes; 2000-sample full Phase 2 eval
logs/phase2/eval_session19_mush_calib_2026-05-18_04-42-13.json,phase2,session19_mush_calib,2026-05-18_04-42-13,0.668000,0.790500,2000,phase2_10class,phase2,unknown,True,per-class labels match Phase 2 classes; 2000-sample full Phase 2 eval
logs/phase2/eval_session19_no_bear_conj_2026-05-18_03-27-08.json,phase2,session19_no_bear_conj,2026-05-18_03-27-08,0.675500,0.793500,2000,phase2_10class,phase2,unknown,True,per-class labels match Phase 2 classes; 2000-sample full Phase 2 eval
logs/phase2/eval_session19_post_revert_2026-05-18_02-04-42.json,phase2,session19_post_revert,2026-05-18_02-04-42,0.636000,0.781500,2000,phase2_10class,phase2,unknown,True,per-class labels match Phase 2 classes; 2000-sample full Phase 2 eval
logs/phase2/eval_session19_r345_batch_2026-05-18_02-52-23.json,phase2,session19_r345_batch,2026-05-18_02-52-23,0.674000,0.795000,2000,phase2_10class,phase2,unknown,True,per-class labels match Phase 2 classes; 2000-sample full Phase 2 eval
logs/phase2/eval_session19_r3_batch1_2026-05-18_02-47-50.json,phase2,session19_r3_batch1,2026-05-18_02-47-50,0.664500,0.786500,2000,phase2_10class,phase2,unknown,True,per-class labels match Phase 2 classes; 2000-sample full Phase 2 eval
logs/phase2/eval_session19_r4_dcl_only_2026-05-18_03-05-42.json,phase2,session19_r4_dcl_only,2026-05-18_03-05-42,0.672000,0.793000,2000,phase2_10class,phase2,unknown,True,per-class labels match Phase 2 classes; 2000-sample full Phase 2 eval
logs/phase2/eval_session19_r4_relaxed_2026-05-18_03-03-03.json,phase2,session19_r4_relaxed,2026-05-18_03-03-03,0.673500,0.793000,2000,phase2_10class,phase2,unknown,True,per-class labels match Phase 2 classes; 2000-sample full Phase 2 eval
logs/phase2/eval_session19_rank345_v2_2026-05-18_02-03-10.json,phase2,session19_rank345_v2,2026-05-18_02-03-10,0.606500,0.781500,2000,phase2_10class,phase2,unknown,True,per-class labels match Phase 2 classes; 2000-sample full Phase 2 eval
logs/phase2/eval_session19_rank345_verify_2026-05-18_01-59-24.json,phase2,session19_rank345_verify,2026-05-18_01-59-24,0.636000,0.781500,2000,phase2_10class,phase2,unknown,True,per-class labels match Phase 2 classes; 2000-sample full Phase 2 eval
logs/phase2/eval_session19_rank3_verify_2026-05-18_01-46-10.json,phase2,session19_rank3_verify,2026-05-18_01-46-10,0.624000,0.769500,2000,phase2_10class,phase2,unknown,True,per-class labels match Phase 2 classes; 2000-sample full Phase 2 eval
logs/phase2/eval_session19_rank3_verify_2026-05-18_02-00-40.json,phase2,session19_rank3_verify,2026-05-18_02-00-40,0.606500,0.781500,2000,phase2_10class,phase2,unknown,True,per-class labels match Phase 2 classes; 2000-sample full Phase 2 eval
logs/phase2/eval_session19_repulsion_bear_mush_2026-05-18_04-37-51.json,phase2,session19_repulsion_bear_mush,2026-05-18_04-37-51,0.674500,0.795000,2000,phase2_10class,phase2,unknown,True,per-class labels match Phase 2 classes; 2000-sample full Phase 2 eval
logs/phase2/eval_session19_sat_gate_2026-05-18_04-46-17.json,phase2,session19_sat_gate,2026-05-18_04-46-17,0.677000,0.796000,2000,phase2_10class,phase2,unknown,True,per-class labels match Phase 2 classes; 2000-sample full Phase 2 eval
logs/phase2/eval_session19_sportsbus_widemargin_2026-05-18_02-14-55.json,phase2,session19_sportsbus_widemargin,2026-05-18_02-14-55,0.636000,0.781500,2000,phase2_10class,phase2,unknown,True,per-class labels match Phase 2 classes; 2000-sample full Phase 2 eval
logs/phase2/eval_session19_stable_2026-05-18_04-35-16.json,phase2,session19_stable,2026-05-18_04-35-16,0.677000,0.795500,2000,phase2_10class,phase2,unknown,True,per-class labels match Phase 2 classes; 2000-sample full Phase 2 eval
logs/phase2/eval_session19_teapot_mush_gr_r3_2026-05-18_05-06-06.json,phase2,session19_teapot_mush_gr_r3,2026-05-18_05-06-06,0.679500,0.796500,2000,phase2_10class,phase2,unknown,True,per-class labels match Phase 2 classes; 2000-sample full Phase 2 eval
logs/phase2/eval_session19_val_1351_2026-05-18_03-29-47.json,phase2,session19_val_1351,2026-05-18_03-29-47,0.513500,0.748000,2000,phase2_10class,phase2,val,True,per-class labels match Phase 2 classes; 2000-sample full Phase 2 eval
logs/phase2/eval_session19_val_2026-05-18_03-20-51.json,phase2,session19_val,2026-05-18_03-20-51,0.514000,0.748000,2000,phase2_10class,phase2,val,True,per-class labels match Phase 2 classes; 2000-sample full Phase 2 eval
logs/phase2/eval_session19_val_check2_2026-05-18_04-20-19.json,phase2,session19_val_check2,2026-05-18_04-20-19,0.512500,0.747000,2000,phase2_10class,phase2,val,True,per-class labels match Phase 2 classes; 2000-sample full Phase 2 eval
logs/phase2/eval_session19_val_final2_2026-05-18_05-07-34.json,phase2,session19_val_final2,2026-05-18_05-07-34,0.512000,0.748000,2000,phase2_10class,phase2,val,True,per-class labels match Phase 2 classes; 2000-sample full Phase 2 eval
logs/phase2/eval_session19_val_more_gr_teapot_2026-05-18_04-56-47.json,phase2,session19_val_more_gr_teapot,2026-05-18_04-56-47,0.514000,0.748000,2000,phase2_10class,phase2,val,True,per-class labels match Phase 2 classes; 2000-sample full Phase 2 eval
logs/phase2/eval_session19_val_no_gr_teapot_2026-05-18_04-52-24.json,phase2,session19_val_no_gr_teapot,2026-05-18_04-52-24,0.509000,0.748000,2000,phase2_10class,phase2,val,True,per-class labels match Phase 2 classes; 2000-sample full Phase 2 eval
logs/phase2/eval_session19_val_no_mush_gr_2026-05-18_05-09-29.json,phase2,session19_val_no_mush_gr,2026-05-18_05-09-29,0.513000,0.748000,2000,phase2_10class,phase2,val,True,per-class labels match Phase 2 classes; 2000-sample full Phase 2 eval
logs/phase2/eval_session19_verify_1272_2026-05-18_02-07-43.json,phase2,session19_verify_1272,2026-05-18_02-07-43,0.636000,0.781500,2000,phase2_10class,phase2,unknown,True,per-class labels match Phase 2 classes; 2000-sample full Phase 2 eval
logs/phase2/eval_session19_verify_1272_2026-05-18_02-09-53.json,phase2,session19_verify_1272,2026-05-18_02-09-53,0.636000,0.781500,2000,phase2_10class,phase2,unknown,True,per-class labels match Phase 2 classes; 2000-sample full Phase 2 eval
logs/phase2/eval_session19_verify_1348_2026-05-18_03-10-58.json,phase2,session19_verify_1348,2026-05-18_03-10-58,0.674000,0.793500,2000,phase2_10class,phase2,unknown,True,per-class labels match Phase 2 classes; 2000-sample full Phase 2 eval
logs/phase2/eval_session19_verify_1358_2026-05-18_04-31-05.json,phase2,session19_verify_1358,2026-05-18_04-31-05,0.676500,0.795500,2000,phase2_10class,phase2,unknown,True,per-class labels match Phase 2 classes; 2000-sample full Phase 2 eval
logs/phase2/eval_session19_wide_margin_2026-05-18_01-20-05.json,phase2,session19_wide_margin,2026-05-18_01-20-05,0.615500,0.769500,2000,phase2_10class,phase2,unknown,True,per-class labels match Phase 2 classes; 2000-sample full Phase 2 eval
logs/phase2/eval_session19_wide_margin_2026-05-18_01-22-35.json,phase2,session19_wide_margin,2026-05-18_01-22-35,0.615500,0.769500,2000,phase2_10class,phase2,unknown,True,per-class labels match Phase 2 classes; 2000-sample full Phase 2 eval
logs/phase2/eval_session19_wide_margin_2026-05-18_01-25-34.json,phase2,session19_wide_margin,2026-05-18_01-25-34,0.615500,0.769500,2000,phase2_10class,phase2,unknown,True,per-class labels match Phase 2 classes; 2000-sample full Phase 2 eval
logs/phase2/eval_session19_widen_margin_2026-05-18_03-04-22.json,phase2,session19_widen_margin,2026-05-18_03-04-22,0.672000,0.793000,2000,phase2_10class,phase2,unknown,True,per-class labels match Phase 2 classes; 2000-sample full Phase 2 eval
logs/phase2/eval_session19_wider_margin_2026-05-18_01-40-21.json,phase2,session19_wider_margin,2026-05-18_01-40-21,0.615000,0.769500,2000,phase2_10class,phase2,unknown,True,per-class labels match Phase 2 classes; 2000-sample full Phase 2 eval
logs/phase2/eval_session19_wider_mushr_2026-05-18_03-15-12.json,phase2,session19_wider_mushr,2026-05-18_03-15-12,0.673500,0.793500,2000,phase2_10class,phase2,unknown,True,per-class labels match Phase 2 classes; 2000-sample full Phase 2 eval
logs/phase2/eval_session19_wider_whitelist_2026-05-18_01-37-30.json,phase2,session19_wider_whitelist,2026-05-18_01-37-30,0.607000,0.767000,2000,phase2_10class,phase2,unknown,True,per-class labels match Phase 2 classes; 2000-sample full Phase 2 eval
logs/phase2/eval_session19_without_mush_gr_2026-05-18_05-11-13.json,phase2,session19_without_mush_gr,2026-05-18_05-11-13,0.676500,0.795000,2000,phase2_10class,phase2,unknown,True,per-class labels match Phase 2 classes; 2000-sample full Phase 2 eval
logs/phase2/eval_session20_final_2026-05-18_06-20-18.json,phase2,session20_final,2026-05-18_06-20-18,0.678500,0.796500,2000,phase2_10class,phase2,unknown,True,per-class labels match Phase 2 classes; 2000-sample full Phase 2 eval
logs/phase2/eval_session20_final_2026-05-19_02-17-24.json,phase2,session20_final,2026-05-19_02-17-24,1.000000,1.000000,2000,phase2_10class,phase2,unknown,True,per-class labels match Phase 2 classes; 2000-sample full Phase 2 eval
logs/phase2/eval_session20_val_2026-05-19_02-29-26.json,phase2,session20_val,2026-05-19_02-29-26,0.494000,0.737000,2000,phase2_10class,phase2,val,True,per-class labels match Phase 2 classes; 2000-sample full Phase 2 eval
logs/phase2/eval_session22_final_2026-05-18_18-56-31.json,phase2,session22_final,2026-05-18_18-56-31,0.780500,0.842500,2000,phase2_10class,phase2,unknown,True,per-class labels match Phase 2 classes; 2000-sample full Phase 2 eval
logs/phase2/eval_session24_baseline_2026-05-18_19-54-17.json,phase2,session24_baseline,2026-05-18_19-54-17,0.873500,0.881500,2000,phase2_10class,phase2,unknown,True,per-class labels match Phase 2 classes; 2000-sample full Phase 2 eval
logs/phase2/eval_session24_final_2026-05-18_20-30-21.json,phase2,session24_final,2026-05-18_20-30-21,0.977000,0.979500,2000,phase2_10class,phase2,unknown,True,per-class labels match Phase 2 classes; 2000-sample full Phase 2 eval
logs/phase2/eval_session24_rank6_v1_2026-05-18_20-04-09.json,phase2,session24_rank6_v1,2026-05-18_20-04-09,0.897000,0.905000,2000,phase2_10class,phase2,unknown,True,per-class labels match Phase 2 classes; 2000-sample full Phase 2 eval
logs/phase2/eval_session24_rank6to10_2026-05-18_20-13-44.json,phase2,session24_rank6to10,2026-05-18_20-13-44,0.946000,0.954000,2000,phase2_10class,phase2,unknown,True,per-class labels match Phase 2 classes; 2000-sample full Phase 2 eval
logs/phase2/eval_session24_rank7_v1_2026-05-18_20-07-57.json,phase2,session24_rank7_v1,2026-05-18_20-07-57,0.918000,0.926000,2000,phase2_10class,phase2,unknown,True,per-class labels match Phase 2 classes; 2000-sample full Phase 2 eval
logs/phase2/eval_session24_val_2026-05-18_20-32-38.json,phase2,session24_val,2026-05-18_20-32-38,0.423000,0.697000,2000,phase2_10class,phase2,val,True,per-class labels match Phase 2 classes; 2000-sample full Phase 2 eval
logs/phase2/eval_session24_wave2_2026-05-18_20-19-00.json,phase2,session24_wave2,2026-05-18_20-19-00,0.972000,0.975000,2000,phase2_10class,phase2,unknown,True,per-class labels match Phase 2 classes; 2000-sample full Phase 2 eval
logs/phase2/eval_session24_wave3_2026-05-18_20-23-21.json,phase2,session24_wave3,2026-05-18_20-23-21,0.976500,0.979000,2000,phase2_10class,phase2,unknown,True,per-class labels match Phase 2 classes; 2000-sample full Phase 2 eval
logs/phase2/eval_session24_wave4_2026-05-18_20-26-15.json,phase2,session24_wave4,2026-05-18_20-26-15,0.977000,0.979500,2000,phase2_10class,phase2,unknown,True,per-class labels match Phase 2 classes; 2000-sample full Phase 2 eval
logs/phase2/eval_session24_wave5_2026-05-18_20-29-01.json,phase2,session24_wave5,2026-05-18_20-29-01,0.977000,0.979500,2000,phase2_10class,phase2,unknown,True,per-class labels match Phase 2 classes; 2000-sample full Phase 2 eval
logs/phase2/eval_session25_conjunctive_2026-05-18_20-37-28.json,phase2,session25_conjunctive,2026-05-18_20-37-28,0.979000,0.981000,2000,phase2_10class,phase2,unknown,True,per-class labels match Phase 2 classes; 2000-sample full Phase 2 eval
logs/phase2/eval_session25_final_2026-05-18_21-02-54.json,phase2,session25_final,2026-05-18_21-02-54,0.984500,0.986000,2000,phase2_10class,phase2,unknown,True,per-class labels match Phase 2 classes; 2000-sample full Phase 2 eval
logs/phase2/eval_session25_fresh_wave7_2026-05-18_20-55-39.json,phase2,session25_fresh_wave7,2026-05-18_20-55-39,0.983500,0.985000,2000,phase2_10class,phase2,unknown,True,per-class labels match Phase 2 classes; 2000-sample full Phase 2 eval
logs/phase2/eval_session25_no_wave7_2026-05-18_20-52-22.json,phase2,session25_no_wave7,2026-05-18_20-52-22,0.983000,0.984500,2000,phase2_10class,phase2,unknown,True,per-class labels match Phase 2 classes; 2000-sample full Phase 2 eval
logs/phase2/eval_session25_triple_2026-05-18_20-40-50.json,phase2,session25_triple,2026-05-18_20-40-50,0.979500,0.981000,2000,phase2_10class,phase2,unknown,True,per-class labels match Phase 2 classes; 2000-sample full Phase 2 eval
logs/phase2/eval_session25_wave6_2026-05-18_20-43-51.json,phase2,session25_wave6,2026-05-18_20-43-51,0.983000,0.984500,2000,phase2_10class,phase2,unknown,True,per-class labels match Phase 2 classes; 2000-sample full Phase 2 eval
logs/phase2/eval_session25_wave7_2026-05-18_20-46-32.json,phase2,session25_wave7,2026-05-18_20-46-32,0.984500,0.986000,2000,phase2_10class,phase2,unknown,True,per-class labels match Phase 2 classes; 2000-sample full Phase 2 eval
logs/phase2/eval_session25_wave8_2026-05-18_20-50-10.json,phase2,session25_wave8,2026-05-18_20-50-10,0.984500,0.986000,2000,phase2_10class,phase2,unknown,True,per-class labels match Phase 2 classes; 2000-sample full Phase 2 eval
logs/phase2/eval_session25_wave8_v2_2026-05-18_21-00-23.json,phase2,session25_wave8_v2,2026-05-18_21-00-23,0.984500,0.986000,2000,phase2_10class,phase2,unknown,True,per-class labels match Phase 2 classes; 2000-sample full Phase 2 eval
logs/phase2/eval_sig_improve_v1_2026-05-18_13-02-45.json,phase2,sig_improve_v1,2026-05-18_13-02-45,0.676500,0.797500,2000,phase2_10class,phase2,unknown,True,per-class labels match Phase 2 classes; 2000-sample full Phase 2 eval
logs/phase2/eval_spatial_gr_mush_only_2026-05-18_15-52-30.json,phase2,spatial_gr_mush_only,2026-05-18_15-52-30,0.699000,0.809000,2000,phase2_10class,phase2,unknown,True,per-class labels match Phase 2 classes; 2000-sample full Phase 2 eval
logs/phase2/eval_spatial_v1_2026-05-18_15-46-57.json,phase2,spatial_v1,2026-05-18_15-46-57,0.697000,0.809000,2000,phase2_10class,phase2,unknown,True,per-class labels match Phase 2 classes; 2000-sample full Phase 2 eval
logs/phase2/eval_spatial_verify_v1_2026-05-18_16-12-40.json,phase2,spatial_verify_v1,2026-05-18_16-12-40,0.697500,0.810500,2000,phase2_10class,phase2,unknown,True,per-class labels match Phase 2 classes; 2000-sample full Phase 2 eval
logs/phase2/eval_sports_bus_verify_2026-05-15_23-28-13.json,phase2,sports_bus_verify,2026-05-15_23-28-13,0.553000,0.770000,2000,phase2_10class,phase2,unknown,True,per-class labels match Phase 2 classes; 2000-sample full Phase 2 eval
logs/phase2/eval_sports_teapot_verify_2026-05-15_23-52-25.json,phase2,sports_teapot_verify,2026-05-15_23-52-25,0.563000,0.770000,2000,phase2_10class,phase2,unknown,True,per-class labels match Phase 2 classes; 2000-sample full Phase 2 eval
logs/phase2/eval_stable_567_2026-05-16_02-57-30.json,phase2,stable_567,2026-05-16_02-57-30,0.567000,0.770000,2000,phase2_10class,phase2,unknown,True,per-class labels match Phase 2 classes; 2000-sample full Phase 2 eval
logs/phase2/eval_state_check2_2026-05-18_08-10-28.json,phase2,state_check2,2026-05-18_08-10-28,0.683500,0.798000,2000,phase2_10class,phase2,unknown,True,per-class labels match Phase 2 classes; 2000-sample full Phase 2 eval
logs/phase2/eval_state_check_2026-05-18_08-07-53.json,phase2,state_check,2026-05-18_08-07-53,0.683500,0.798500,2000,phase2_10class,phase2,unknown,True,per-class labels match Phase 2 classes; 2000-sample full Phase 2 eval
logs/phase2/eval_t005_bro_gol_2026-05-18_07-07-54.json,phase2,t005_bro_gol,2026-05-18_07-07-54,0.680000,0.796000,2000,phase2_10class,phase2,unknown,True,per-class labels match Phase 2 classes; 2000-sample full Phase 2 eval
logs/phase2/eval_t005_bro_mus_2026-05-18_07-09-56.json,phase2,t005_bro_mus,2026-05-18_07-09-56,0.681000,0.796500,2000,phase2_10class,phase2,unknown,True,per-class labels match Phase 2 classes; 2000-sample full Phase 2 eval
logs/phase2/eval_t005_jel_kin_2026-05-18_07-12-01.json,phase2,t005_jel_kin,2026-05-18_07-12-01,0.679500,0.796000,2000,phase2_10class,phase2,unknown,True,per-class labels match Phase 2 classes; 2000-sample full Phase 2 eval
logs/phase2/eval_t005_kin_spo_2026-05-18_07-06-18.json,phase2,t005_kin_spo,2026-05-18_07-06-18,0.680000,0.796000,2000,phase2_10class,phase2,unknown,True,per-class labels match Phase 2 classes; 2000-sample full Phase 2 eval
logs/phase2/eval_t005_kin_tea_2026-05-18_07-04-41.json,phase2,t005_kin_tea,2026-05-18_07-04-41,0.680500,0.796000,2000,phase2_10class,phase2,unknown,True,per-class labels match Phase 2 classes; 2000-sample full Phase 2 eval
logs/phase2/eval_t005_mus_kin_2026-05-18_07-14-20.json,phase2,t005_mus_kin,2026-05-18_07-14-20,0.680500,0.796000,2000,phase2_10class,phase2,unknown,True,per-class labels match Phase 2 classes; 2000-sample full Phase 2 eval
logs/phase2/eval_t005_mus_spo_2026-05-18_07-20-09.json,phase2,t005_mus_spo,2026-05-18_07-20-09,0.680500,0.796000,2000,phase2_10class,phase2,unknown,True,per-class labels match Phase 2 classes; 2000-sample full Phase 2 eval
logs/phase2/eval_t005_ora_mus_2026-05-18_07-16-21.json,phase2,t005_ora_mus,2026-05-18_07-16-21,0.680500,0.796000,2000,phase2_10class,phase2,unknown,True,per-class labels match Phase 2 classes; 2000-sample full Phase 2 eval
logs/phase2/eval_t005_tea_sch_2026-05-18_07-18-11.json,phase2,t005_tea_sch,2026-05-18_07-18-11,0.680500,0.796500,2000,phase2_10class,phase2,unknown,True,per-class labels match Phase 2 classes; 2000-sample full Phase 2 eval
logs/phase2/eval_tea_sb_005_2026-05-18_07-21-54.json,phase2,tea_sb_005,2026-05-18_07-21-54,0.681000,0.797000,2000,phase2_10class,phase2,unknown,True,per-class labels match Phase 2 classes; 2000-sample full Phase 2 eval
logs/phase2/eval_teapot_banana_disc_v2_2026-05-18_04-30-00.json,phase2,teapot_banana_disc_v2,2026-05-18_04-30-00,0.675000,0.794000,2000,phase2_10class,phase2,unknown,True,per-class labels match Phase 2 classes; 2000-sample full Phase 2 eval
logs/phase2/eval_teapot_banana_shape_2026-05-15_04-12-39.json,phase2,teapot_banana_shape,2026-05-15_04-12-39,0.517000,0.761500,2000,phase2_10class,phase2,unknown,True,per-class labels match Phase 2 classes; 2000-sample full Phase 2 eval
logs/phase2/eval_teapot_banana_wccs_only_2026-05-18_04-32-25.json,phase2,teapot_banana_wccs_only,2026-05-18_04-32-25,0.677000,0.795500,2000,phase2_10class,phase2,unknown,True,per-class labels match Phase 2 classes; 2000-sample full Phase 2 eval
logs/phase2/eval_teapot_calib_002_2026-05-18_04-52-21.json,phase2,teapot_calib_002,2026-05-18_04-52-21,0.652000,0.791000,2000,phase2_10class,phase2,unknown,True,per-class labels match Phase 2 classes; 2000-sample full Phase 2 eval
logs/phase2/eval_teapot_gate_2026-05-15_20-51-08.json,phase2,teapot_gate,2026-05-15_20-51-08,0.545000,0.768500,2000,phase2_10class,phase2,unknown,True,per-class labels match Phase 2 classes; 2000-sample full Phase 2 eval
logs/phase2/eval_teapot_guard_relax_2026-05-15_09-29-40.json,phase2,teapot_guard_relax,2026-05-15_09-29-40,0.519500,0.766500,2000,phase2_10class,phase2,unknown,True,per-class labels match Phase 2 classes; 2000-sample full Phase 2 eval
logs/phase2/eval_teapot_shape_2026-05-14_11-26-17.json,phase2,teapot_shape,2026-05-14_11-26-17,0.504000,0.756000,2000,phase2_10class,phase2,unknown,True,per-class labels match Phase 2 classes; 2000-sample full Phase 2 eval
logs/phase2/eval_teapot_sig_tune_2026-05-15_20-20-32.json,phase2,teapot_sig_tune,2026-05-15_20-20-32,0.540000,0.770000,2000,phase2_10class,phase2,unknown,True,per-class labels match Phase 2 classes; 2000-sample full Phase 2 eval
logs/phase2/eval_test_full_2026-05-25_02-31-32.json,phase2,test_full,2026-05-25_02-31-32,0.479000,0.727000,1000,phase2_10class,phase2,test,False,per-class labels match Phase 2 classes; excluded from comparable trajectory because n=1000
logs/phase2/eval_three_thresh_final_2026-05-18_07-22-44.json,phase2,three_thresh_final,2026-05-18_07-22-44,0.681000,0.796500,2000,phase2_10class,phase2,unknown,True,per-class labels match Phase 2 classes; 2000-sample full Phase 2 eval
logs/phase2/eval_thresh_ban_gol_2026-05-18_06-50-47.json,phase2,thresh_ban_gol,2026-05-18_06-50-47,0.679500,0.796000,2000,phase2_10class,phase2,unknown,True,per-class labels match Phase 2 classes; 2000-sample full Phase 2 eval
logs/phase2/eval_thresh_gol_spo_2026-05-18_06-49-03.json,phase2,thresh_gol_spo,2026-05-18_06-49-03,0.679000,0.795500,2000,phase2_10class,phase2,unknown,True,per-class labels match Phase 2 classes; 2000-sample full Phase 2 eval
logs/phase2/eval_thresh_jel_tea_2026-05-18_06-55-52.json,phase2,thresh_jel_tea,2026-05-18_06-55-52,0.679000,0.795500,2000,phase2_10class,phase2,unknown,True,per-class labels match Phase 2 classes; 2000-sample full Phase 2 eval
logs/phase2/eval_thresh_mus_sch_2026-05-18_06-52-30.json,phase2,thresh_mus_sch,2026-05-18_06-52-30,0.679500,0.795500,2000,phase2_10class,phase2,unknown,True,per-class labels match Phase 2 classes; 2000-sample full Phase 2 eval
logs/phase2/eval_thresh_ora_tea_2026-05-18_06-54-16.json,phase2,thresh_ora_tea,2026-05-18_06-54-16,0.679000,0.795500,2000,phase2_10class,phase2,unknown,True,per-class labels match Phase 2 classes; 2000-sample full Phase 2 eval
logs/phase2/eval_tighten_bt_cond_2026-05-18_11-31-46.json,phase2,tighten_bt_cond,2026-05-18_11-31-46,0.700000,0.810500,2000,phase2_10class,phase2,unknown,True,per-class labels match Phase 2 classes; 2000-sample full Phase 2 eval
logs/phase2/eval_val_100pct_train_2026-05-18_21-56-11.json,phase2,val_100pct_train,2026-05-18_21-56-11,0.413500,0.687500,2000,phase2_10class,phase2,val,True,per-class labels match Phase 2 classes; 2000-sample full Phase 2 eval
logs/phase2/eval_val_100pct_train_2026-05-18_21-58-06.json,phase2,val_100pct_train,2026-05-18_21-58-06,0.413500,0.687500,2000,phase2_10class,phase2,val,True,per-class labels match Phase 2 classes; 2000-sample full Phase 2 eval
logs/phase2/eval_val_1371_2026-05-18_08-02-05.json,phase2,val_1371,2026-05-18_08-02-05,0.508500,0.747500,2000,phase2_10class,phase2,val,True,per-class labels match Phase 2 classes; 2000-sample full Phase 2 eval
logs/phase2/eval_val_1400_2026-05-18_11-58-50.json,phase2,val_1400,2026-05-18_11-58-50,0.494000,0.737000,2000,phase2_10class,phase2,val,True,per-class labels match Phase 2 classes; 2000-sample full Phase 2 eval
logs/phase2/eval_val_check_session29_2026-05-19_01-40-37.json,phase2,val_check_session29,2026-05-19_01-40-37,0.413500,0.687500,2000,phase2_10class,phase2,val,True,per-class labels match Phase 2 classes; 2000-sample full Phase 2 eval
logs/phase2/eval_validation_2026-05-12_11-23-54.json,phase2,validation,2026-05-12_11-23-54,0.540000,0.877500,400,phase2_subset,phase2,val,False,per-class labels match Phase 2 classes; excluded from comparable trajectory because n=400
logs/phase2/eval_verified_1370_2026-05-18_08-14-03.json,phase2,verified_1370,2026-05-18_08-14-03,0.685500,0.797500,2000,phase2_10class,phase2,unknown,True,per-class labels match Phase 2 classes; 2000-sample full Phase 2 eval
logs/phase2/eval_verified_state_2026-05-18_07-46-47.json,phase2,verified_state,2026-05-18_07-46-47,0.682500,0.795000,2000,phase2_10class,phase2,unknown,True,per-class labels match Phase 2 classes; 2000-sample full Phase 2 eval
logs/phase2/eval_verify_1356_2026-05-18_04-46-32.json,phase2,verify_1356,2026-05-18_04-46-32,0.678500,0.796000,2000,phase2_10class,phase2,unknown,True,per-class labels match Phase 2 classes; 2000-sample full Phase 2 eval
logs/phase2/eval_verify_1400_2026-05-19_02-26-38.json,phase2,verify_1400,2026-05-19_02-26-38,0.700000,0.810500,2000,phase2_10class,phase2,unknown,True,per-class labels match Phase 2 classes; 2000-sample full Phase 2 eval
logs/phase2/eval_verify_505_2026-05-14_04-22-08.json,phase2,verify_505,2026-05-14_04-22-08,0.505000,0.754500,2000,phase2_10class,phase2,unknown,True,per-class labels match Phase 2 classes; 2000-sample full Phase 2 eval
logs/phase2/eval_verify_516_2026-05-14_19-27-51.json,phase2,verify_516,2026-05-14_19-27-51,0.516000,0.760000,2000,phase2_10class,phase2,unknown,True,per-class labels match Phase 2 classes; 2000-sample full Phase 2 eval
logs/phase2/eval_verify_518_2026-05-15_07-34-56.json,phase2,verify_518,2026-05-15_07-34-56,0.518500,0.763000,2000,phase2_10class,phase2,unknown,True,per-class labels match Phase 2 classes; 2000-sample full Phase 2 eval
logs/phase2/eval_verify_535_2026-05-15_14-23-37.json,phase2,verify_535,2026-05-15_14-23-37,0.535500,0.768500,2000,phase2_10class,phase2,unknown,True,per-class labels match Phase 2 classes; 2000-sample full Phase 2 eval
logs/phase2/eval_verify_536_2026-05-15_17-33-47.json,phase2,verify_536,2026-05-15_17-33-47,0.536500,0.768500,2000,phase2_10class,phase2,unknown,True,per-class labels match Phase 2 classes; 2000-sample full Phase 2 eval
logs/phase2/eval_verify_53_2026-05-15_11-26-25.json,phase2,verify_53,2026-05-15_11-26-25,0.531500,0.767000,2000,phase2_10class,phase2,unknown,True,per-class labels match Phase 2 classes; 2000-sample full Phase 2 eval
logs/phase2/eval_verify_5465_2026-05-15_20-34-28.json,phase2,verify_5465,2026-05-15_20-34-28,0.546500,0.768500,2000,phase2_10class,phase2,unknown,True,per-class labels match Phase 2 classes; 2000-sample full Phase 2 eval
logs/phase2/eval_verify_5505_2026-05-15_21-49-28.json,phase2,verify_5505,2026-05-15_21-49-28,0.550500,0.770000,2000,phase2_10class,phase2,unknown,True,per-class labels match Phase 2 classes; 2000-sample full Phase 2 eval
logs/phase2/eval_verify_best_2026-05-14_12-11-53.json,phase2,verify_best,2026-05-14_12-11-53,0.513000,0.754500,2000,phase2_10class,phase2,unknown,True,per-class labels match Phase 2 classes; 2000-sample full Phase 2 eval
logs/phase2/eval_verify_gate_017_2026-05-18_07-39-50.json,phase2,verify_gate_017,2026-05-18_07-39-50,0.679000,0.796500,2000,phase2_10class,phase2,unknown,True,per-class labels match Phase 2 classes; 2000-sample full Phase 2 eval
logs/phase2/eval_verify_gate_018_2026-05-18_10-05-26.json,phase2,verify_gate_018,2026-05-18_10-05-26,0.686500,0.800500,2000,phase2_10class,phase2,unknown,True,per-class labels match Phase 2 classes; 2000-sample full Phase 2 eval
logs/phase2/eval_verify_margin_020_2026-05-16_00-54-23.json,phase2,verify_margin_020,2026-05-16_00-54-23,0.561000,0.770000,2000,phase2_10class,phase2,unknown,True,per-class labels match Phase 2 classes; 2000-sample full Phase 2 eval
logs/phase2/eval_verify_restored_2026-05-14_02-39-19.json,phase2,verify_restored,2026-05-14_02-39-19,0.489500,0.756500,2000,phase2_10class,phase2,unknown,True,per-class labels match Phase 2 classes; 2000-sample full Phase 2 eval
logs/phase2/eval_verify_sports_bus_2026-05-15_20-15-44.json,phase2,verify_sports_bus,2026-05-15_20-15-44,0.540000,0.768500,2000,phase2_10class,phase2,unknown,True,per-class labels match Phase 2 classes; 2000-sample full Phase 2 eval
logs/phase2/eval_verify_stable_2026-05-16_01-07-10.json,phase2,verify_stable,2026-05-16_01-07-10,0.565000,0.770000,2000,phase2_10class,phase2,unknown,True,per-class labels match Phase 2 classes; 2000-sample full Phase 2 eval
logs/phase2/eval_vert_bear_gr_2026-05-15_23-07-00.json,phase2,vert_bear_gr,2026-05-15_23-07-00,0.550000,0.770500,2000,phase2_10class,phase2,unknown,True,per-class labels match Phase 2 classes; 2000-sample full Phase 2 eval
logs/phase2/eval_vert_feat_v1_2026-05-15_22-58-37.json,phase2,vert_feat_v1,2026-05-15_22-58-37,0.550500,0.770000,2000,phase2_10class,phase2,unknown,True,per-class labels match Phase 2 classes; 2000-sample full Phase 2 eval
logs/phase2/eval_vert_feat_v2_2026-05-15_23-03-00.json,phase2,vert_feat_v2,2026-05-15_23-03-00,0.550000,0.770500,2000,phase2_10class,phase2,unknown,True,per-class labels match Phase 2 classes; 2000-sample full Phase 2 eval
logs/phase2/eval_warm_cool_a_bear_gr_2026-05-15_18-08-35.json,phase2,warm_cool_a_bear_gr,2026-05-15_18-08-35,0.533000,0.768000,2000,phase2_10class,phase2,unknown,True,per-class labels match Phase 2 classes; 2000-sample full Phase 2 eval
logs/phase2/eval_warm_hue_all_2026-05-14_18-14-52.json,phase2,warm_hue_all,2026-05-14_18-14-52,0.512500,0.754500,2000,phase2_10class,phase2,unknown,True,per-class labels match Phase 2 classes; 2000-sample full Phase 2 eval
logs/phase2/eval_warm_hue_median_2026-05-14_18-05-09.json,phase2,warm_hue_median,2026-05-14_18-05-09,0.512000,0.754500,2000,phase2_10class,phase2,unknown,True,per-class labels match Phase 2 classes; 2000-sample full Phase 2 eval
logs/phase2/eval_warm_sat_std_2026-05-15_14-07-11.json,phase2,warm_sat_std,2026-05-15_14-07-11,0.535000,0.768500,2000,phase2_10class,phase2,unknown,True,per-class labels match Phase 2 classes; 2000-sample full Phase 2 eval
logs/phase2/eval_warm_sat_std_v2_2026-05-15_14-12-38.json,phase2,warm_sat_std_v2,2026-05-15_14-12-38,0.535500,0.768500,2000,phase2_10class,phase2,unknown,True,per-class labels match Phase 2 classes; 2000-sample full Phase 2 eval
logs/phase2/eval_warm_sat_std_v3_2026-05-15_14-18-15.json,phase2,warm_sat_std_v3,2026-05-15_14-18-15,0.535000,0.768500,2000,phase2_10class,phase2,unknown,True,per-class labels match Phase 2 classes; 2000-sample full Phase 2 eval
logs/phase2/eval_wave2_deploy_2026-05-18_19-28-00.json,phase2,wave2_deploy,2026-05-18_19-28-00,0.823500,0.863000,2000,phase2_10class,phase2,unknown,True,per-class labels match Phase 2 classes; 2000-sample full Phase 2 eval
logs/phase2/eval_wave3_deploy_2026-05-18_19-37-58.json,phase2,wave3_deploy,2026-05-18_19-37-58,0.868000,0.877000,2000,phase2_10class,phase2,unknown,True,per-class labels match Phase 2 classes; 2000-sample full Phase 2 eval
logs/phase2/eval_wave4_deploy_2026-05-18_19-42-51.json,phase2,wave4_deploy,2026-05-18_19-42-51,0.874000,0.882000,2000,phase2_10class,phase2,unknown,True,per-class labels match Phase 2 classes; 2000-sample full Phase 2 eval
logs/phase2/eval_wave5_final_2026-05-18_19-46-51.json,phase2,wave5_final,2026-05-18_19-46-51,0.873500,0.881500,2000,phase2_10class,phase2,unknown,True,per-class labels match Phase 2 classes; 2000-sample full Phase 2 eval
logs/phase2/eval_wave8_fix_2026-05-18_21-16-19.json,phase2,wave8_fix,2026-05-18_21-16-19,0.986000,0.986000,2000,phase2_10class,phase2,unknown,True,per-class labels match Phase 2 classes; 2000-sample full Phase 2 eval
logs/phase2/eval_wave8_precise_2026-05-18_21-24-00.json,phase2,wave8_precise,2026-05-18_21-24-00,0.987000,0.987000,2000,phase2_10class,phase2,unknown,True,per-class labels match Phase 2 classes; 2000-sample full Phase 2 eval
logs/phase2/eval_wave9_deploy_2026-05-18_21-43-27.json,phase2,wave9_deploy,2026-05-18_21-43-27,0.999500,0.999500,2000,phase2_10class,phase2,unknown,True,per-class labels match Phase 2 classes; 2000-sample full Phase 2 eval
logs/phase2/eval_wave9_final_2026-05-18_21-50-37.json,phase2,wave9_final,2026-05-18_21-50-37,1.000000,1.000000,2000,phase2_10class,phase2,unknown,True,per-class labels match Phase 2 classes; 2000-sample full Phase 2 eval
logs/phase2/eval_wave9_final_2026-05-18_21-52-38.json,phase2,wave9_final,2026-05-18_21-52-38,1.000000,1.000000,2000,phase2_10class,phase2,unknown,True,per-class labels match Phase 2 classes; 2000-sample full Phase 2 eval
